german_credit,checking_status,duration,credit_history,purpose,credit_real,credit_amount,employment,installment_commitment,personal_status,other_parties,residence_since,property_magnitude,age,other_payment_plans,housing,existing_credits,job,num_dependents,own_telephone,class
0,0,0,0,1169,0,0,0,0,0,0,0,0,0,0,0,0,0,0,0,1
1,1,1,0,5951,1,1,1,1,0,1,0,1,0,0,1,0,0,1,0,0
2,2,0,1,2096,1,2,1,0,0,2,0,2,0,0,1,1,1,1,0,1
0,3,1,2,7882,1,2,1,0,1,0,1,3,0,1,1,0,1,1,0,1
0,4,2,3,4870,1,1,2,0,0,0,2,4,0,1,0,0,1,1,0,0
2,5,1,1,9055,0,1,1,0,0,0,2,5,0,1,1,1,1,0,0,1
2,4,1,2,2835,2,0,2,0,0,0,1,4,0,0,1,0,0,1,0,1
1,5,1,4,6948,1,1,1,0,0,1,3,5,0,2,1,2,0,0,0,1
2,2,1,0,3059,3,2,1,2,0,0,0,6,0,0,1,1,0,1,0,1
1,6,0,3,5234,1,3,0,3,0,1,3,7,0,0,0,2,0,1,0,0
1,2,1,3,1295,1,4,2,1,0,3,3,8,0,2,1,0,0,1,0,0
0,1,1,5,4308,1,4,2,1,0,0,1,9,0,2,1,0,0,1,0,0
1,2,1,0,1567,1,1,3,1,0,3,3,1,0,0,1,0,0,0,0,1
0,4,0,3,1199,1,0,0,0,0,0,3,10,0,0,0,1,0,1,0,0
0,7,1,3,1403,1,1,1,1,0,0,3,7,0,2,1,0,0,1,0,1
0,4,1,0,1282,4,1,0,1,0,1,3,11,0,0,1,1,0,1,0,0
2,4,0,0,2424,0,0,0,0,0,0,1,4,0,0,0,0,0,1,0,1
0,6,3,5,8072,0,4,1,0,0,2,3,8,1,0,2,0,0,1,0,1
1,4,1,4,12579,1,0,0,1,0,1,2,12,0,1,1,2,0,0,0,0
2,4,1,0,3430,2,0,2,0,0,1,3,13,0,0,1,0,1,0,0,1
2,8,0,3,2134,1,1,0,0,0,0,3,14,0,0,2,0,0,0,0,1
0,0,1,0,2647,2,1,1,0,0,2,0,12,0,2,1,0,1,1,0,1
0,9,0,3,2241,1,4,3,0,0,2,0,14,0,2,0,1,1,1,1,1
1,2,0,4,1804,4,4,2,0,0,0,1,12,0,0,1,0,0,1,0,1
2,9,0,2,2069,0,1,1,3,0,3,3,15,0,0,0,0,0,1,1,1
0,0,1,2,1374,1,1,3,0,0,1,0,16,1,0,1,1,0,0,0,1
2,0,3,0,426,1,0,0,3,0,0,3,17,0,0,1,1,0,1,0,1
3,2,4,0,409,3,1,2,1,0,2,0,18,0,2,0,0,0,1,0,1
1,10,1,0,2415,1,1,2,0,1,1,0,19,0,0,1,0,0,1,0,1
0,11,2,5,6836,1,0,2,0,0,0,2,20,0,0,0,0,0,0,0,0
1,12,1,5,1913,3,4,2,3,0,2,0,16,1,0,1,0,0,0,0,1
0,4,1,2,4020,1,1,1,0,0,1,3,21,2,0,1,0,0,1,0,1
1,12,1,3,5866,4,1,1,0,0,1,3,22,0,0,0,0,0,0,0,1
2,2,0,5,1264,0,0,0,0,0,0,2,23,0,2,1,1,0,1,0,1
3,2,1,2,1474,1,4,0,1,0,3,1,24,1,0,1,2,0,0,0,1
1,13,0,0,4746,1,4,0,0,0,1,1,8,0,0,0,1,0,1,0,0
2,1,0,1,6110,1,1,3,0,0,2,2,13,1,1,1,0,0,0,0,1
3,12,1,0,2100,1,1,0,0,2,1,0,25,2,0,1,0,0,1,0,0
3,9,1,6,1225,1,1,1,0,0,1,3,25,0,0,1,0,0,0,0,1
1,8,1,0,458,1,1,0,0,0,2,0,9,0,0,1,0,0,1,0,1
2,6,1,0,2333,2,0,0,0,0,1,3,22,1,0,1,2,0,1,0,1
1,2,1,0,1158,2,1,2,2,0,3,3,15,0,0,1,0,0,0,0,1
1,12,2,7,6204,1,1,1,0,0,0,0,12,0,0,1,1,1,0,0,1
0,6,0,4,6187,4,2,3,3,0,0,3,9,0,2,0,0,0,1,0,1
0,1,0,4,6143,1,0,0,1,0,0,2,26,2,1,0,1,0,1,0,0
2,14,0,3,1393,1,4,0,1,0,0,3,5,0,0,0,2,0,1,0,1
2,5,1,0,2299,2,0,0,0,0,0,3,17,0,0,1,0,0,1,0,1
0,0,1,4,1352,2,3,3,1,0,1,1,27,0,2,1,3,0,0,0,1
2,14,0,3,7228,1,1,3,0,0,0,1,17,0,0,0,1,0,1,0,1
2,2,1,0,2073,4,1,0,1,2,1,0,7,0,0,1,0,0,1,0,1
1,4,2,2,2333,0,4,0,0,0,1,1,28,1,0,1,1,0,1,0,1
1,15,2,4,5965,1,0,3,0,0,1,3,22,0,0,0,2,0,0,0,1
2,2,1,0,1262,1,1,2,0,0,1,3,8,0,0,1,0,0,1,0,1
2,12,1,4,3378,0,1,1,0,0,3,1,13,0,0,1,0,0,0,0,1
1,5,2,3,2225,1,0,0,0,0,0,2,23,1,1,0,0,0,0,0,0
2,0,4,3,783,0,1,3,0,1,1,0,15,2,0,1,1,1,1,0,1
1,2,1,0,6468,0,3,1,0,0,3,2,29,0,0,1,2,0,0,0,0
2,5,0,0,9566,1,1,1,1,0,1,3,13,2,0,0,0,0,1,0,1
3,12,1,3,1961,1,0,2,1,0,1,3,27,0,0,1,2,0,1,0,1
0,5,0,2,6229,1,4,0,1,2,0,2,27,0,2,0,1,0,0,0,0
1,8,1,5,1391,1,1,1,3,0,3,0,21,1,0,1,0,0,0,0,1
1,7,0,0,1537,0,0,0,0,1,0,0,30,0,0,0,0,0,0,0,1
1,5,3,5,1953,1,0,0,0,0,0,2,6,0,1,1,2,0,0,0,0
1,1,3,5,14421,1,1,1,0,0,1,3,8,0,0,1,0,0,0,0,0
2,4,1,0,3181,1,4,0,1,0,0,1,15,0,0,1,0,0,0,0,1
2,15,1,7,5190,0,0,0,0,0,0,1,14,0,0,3,0,1,0,0,1
2,2,1,0,2171,1,4,1,1,0,1,3,28,1,0,1,0,0,1,0,1
1,2,1,3,1007,3,1,0,3,0,3,0,1,0,0,1,0,0,1,0,1
2,5,1,1,1819,1,1,0,0,0,0,2,25,2,1,1,0,0,0,0,0
2,5,1,0,2394,0,1,0,1,0,0,3,8,0,0,1,0,0,1,0,1
2,5,1,4,8133,1,1,3,1,0,1,1,22,1,0,1,0,0,1,0,1
2,10,0,0,730,0,0,0,0,0,1,1,31,0,2,0,1,0,0,0,1
0,16,0,8,1164,1,0,2,0,0,0,2,32,1,1,0,2,1,0,0,1
1,3,0,5,5954,1,2,1,1,0,3,0,33,1,0,0,1,0,1,0,1
0,5,1,1,1977,0,0,0,0,0,0,2,34,0,0,1,2,0,0,0,0
0,2,0,4,1526,1,0,0,0,0,0,2,35,0,1,0,2,0,1,0,1
0,3,1,0,3965,1,4,0,0,0,2,3,19,0,0,1,0,0,1,0,0
1,14,2,0,4771,1,2,1,0,0,0,1,32,0,0,1,0,0,1,0,1
2,17,3,4,9436,0,1,1,0,0,1,1,17,0,0,1,1,1,1,0,1
1,6,1,2,3832,1,4,1,3,0,3,1,1,0,0,1,0,0,1,0,1
2,4,1,0,5943,0,4,3,1,0,3,3,12,0,0,0,0,0,0,0,0
2,7,1,0,1213,2,0,0,0,0,2,1,36,2,0,1,0,0,0,0,1
2,12,1,5,1568,4,1,2,1,0,0,1,9,0,2,1,1,0,1,0,1
0,4,1,8,1755,1,0,0,1,1,0,0,26,0,0,1,1,0,0,0,1
0,9,1,0,2315,1,0,2,0,0,0,0,29,0,0,1,1,0,1,0,1
2,2,0,5,1412,1,1,0,1,1,1,0,28,0,0,0,2,0,0,0,1
1,12,0,2,1295,1,4,0,1,0,3,1,21,0,0,0,0,0,1,0,1
1,5,1,1,12612,4,1,3,0,0,0,2,36,0,1,1,0,1,0,0,0
0,12,1,3,2249,4,2,0,0,0,2,3,22,0,0,1,2,1,0,0,1
0,2,3,7,1108,1,2,0,0,0,2,0,7,0,0,0,0,0,1,0,0
2,2,0,0,618,1,0,0,0,0,0,0,37,0,0,1,0,0,1,0,1
0,2,0,4,1409,1,0,0,0,0,2,0,38,0,0,1,0,0,1,0,1
2,2,0,0,797,0,0,0,1,0,2,1,24,1,0,1,1,1,1,0,0
3,4,0,2,3617,0,0,0,0,2,0,2,39,0,2,0,0,0,1,0,1
1,2,1,3,1318,3,0,0,0,0,0,0,38,0,0,1,0,0,0,0,1
1,17,3,5,15945,1,4,2,0,0,0,2,26,0,2,1,0,0,0,0,0
2,2,0,1,2012,0,2,0,1,0,1,3,6,0,0,1,0,0,1,0,1
1,12,1,5,2622,4,1,0,0,0,0,3,19,0,0,1,0,0,1,0,1
1,5,0,0,2337,1,0,0,0,0,0,0,16,0,0,1,0,0,1,0,1
1,18,2,4,7057,0,2,2,0,0,0,1,16,1,2,0,2,1,0,0,1
2,4,1,3,1469,4,0,0,3,0,0,0,33,0,2,1,1,0,1,0,1
1,5,1,0,2323,1,2,0,0,0,0,3,9,0,2,1,0,0,1,0,1
2,0,2,0,932,1,1,2,1,0,1,0,9,0,0,1,0,0,1,0,1
1,8,0,2,1919,1,2,0,0,0,2,3,5,0,2,1,0,0,0,0,1
2,2,1,4,2445,0,4,1,3,0,0,3,15,0,2,1,0,0,0,0,1
1,4,0,8,11938,1,1,1,0,2,2,3,17,0,0,0,2,1,0,0,0
2,12,4,3,6458,1,0,1,0,0,0,2,17,1,0,0,2,1,0,0,0
1,2,1,3,6078,1,2,1,0,0,1,3,11,0,0,1,0,0,1,0,1
0,4,1,2,7721,0,4,3,1,0,1,1,22,0,0,1,0,0,0,1,1
1,19,1,5,1410,2,0,3,3,0,1,0,5,0,0,1,0,0,0,0,1
1,0,2,5,1449,4,0,3,2,0,1,3,13,1,0,0,0,1,1,0,1
3,7,1,1,392,1,4,0,1,0,0,1,27,0,2,1,0,0,0,0,1
1,12,1,3,6260,1,2,2,0,0,2,0,7,0,2,1,1,0,1,0,1
2,5,0,3,7855,1,1,0,1,0,1,0,8,2,0,0,0,0,0,0,0
0,2,1,0,1680,2,0,2,3,0,3,0,5,0,0,1,0,0,1,0,1
2,1,0,0,3578,0,0,0,0,0,3,0,36,0,0,1,0,0,0,0,1
0,3,1,0,7174,0,2,0,1,0,2,3,22,0,0,1,2,0,0,0,0
0,9,0,2,2132,0,4,1,1,2,2,0,21,0,2,0,0,0,1,1,1
0,20,0,2,4281,2,1,3,1,0,0,3,27,0,0,0,0,0,1,0,0
1,2,0,3,2366,2,2,2,2,0,2,3,16,0,0,1,2,0,0,0,1
0,21,1,0,1835,1,1,2,1,0,1,0,8,0,0,0,0,0,0,0,0
2,4,0,4,3868,1,0,0,1,0,1,3,33,0,2,0,2,0,0,0,1
2,2,1,2,1768,1,1,2,0,0,1,0,9,0,2,1,1,0,1,0,1
3,9,0,3,781,1,0,0,0,0,0,2,20,0,1,0,0,0,0,0,1
1,12,1,2,1924,0,4,0,1,0,2,0,21,0,2,1,0,0,1,0,0
0,2,0,3,2121,1,1,0,0,0,1,1,22,0,0,0,0,0,1,0,1
0,2,1,0,701,1,1,0,3,0,1,0,34,0,0,1,1,0,1,0,1
1,2,1,7,639,1,1,0,0,0,1,3,22,0,0,1,0,0,1,0,0
1,2,0,4,1860,1,3,0,0,0,1,3,19,0,0,0,2,0,0,0,1
0,2,0,3,3499,1,1,2,1,2,1,0,28,0,0,0,0,0,1,0,0
1,1,1,3,8487,0,2,3,1,0,1,3,9,0,0,1,0,0,1,0,1
0,5,2,1,6887,1,1,0,0,0,2,1,28,2,0,1,0,0,0,0,0
2,7,1,2,2708,1,4,1,0,0,2,1,21,1,0,0,1,0,1,0,1
2,12,1,2,1984,1,1,0,0,0,0,2,36,1,1,0,0,0,1,0,1
2,11,1,0,10144,4,2,1,1,0,0,0,40,0,0,1,0,0,0,0,1
2,2,0,0,1240,0,0,0,1,0,1,0,41,0,0,0,0,0,0,0,1
2,15,2,4,8613,3,1,1,0,0,1,3,21,0,0,0,0,0,1,0,1
1,2,1,0,766,2,1,0,0,0,2,0,35,0,0,1,1,0,1,0,0
1,7,0,0,2728,0,2,0,0,1,1,0,5,1,0,2,0,0,0,0,1
3,2,1,0,1881,1,1,1,1,0,1,3,12,0,2,1,1,0,0,0,1
3,0,1,3,709,3,4,1,3,0,1,0,21,0,0,1,3,0,1,1,1
1,5,1,0,4795,1,4,0,1,0,3,2,22,0,0,1,2,0,0,0,1
0,15,1,0,3416,1,1,2,0,0,1,3,21,0,0,1,2,0,1,0,1
0,12,1,2,2462,1,1,1,0,0,1,3,1,0,0,1,0,0,1,0,0
2,21,0,2,2288,1,4,0,1,0,0,1,27,0,0,1,0,0,0,0,1
1,1,4,5,3566,4,2,0,0,0,1,3,22,0,0,1,0,0,1,0,1
0,0,0,3,860,1,0,3,1,0,0,2,17,0,0,0,0,0,0,0,1
2,2,0,3,682,4,2,0,1,0,2,3,32,0,0,0,0,0,0,0,1
0,5,0,2,5371,1,1,2,0,1,1,1,7,0,0,0,0,0,1,0,1
2,12,0,0,1582,3,0,0,0,0,0,3,31,0,0,0,0,0,1,0,1
2,0,1,0,1346,4,0,1,0,0,0,2,18,1,1,1,0,1,0,0,1
2,9,1,0,1924,1,1,3,0,0,0,1,41,0,0,1,0,0,0,1,1
3,5,1,0,5848,1,1,0,0,0,3,3,9,0,0,1,0,0,1,0,1
1,4,0,4,7758,3,0,1,1,0,0,2,28,0,2,1,0,0,1,0,1
1,4,2,5,6967,4,2,0,0,0,0,3,16,0,2,1,2,0,0,0,1
0,2,1,2,1282,1,1,1,1,0,0,3,39,0,2,1,0,0,1,0,0
0,8,0,7,1288,4,0,2,0,1,0,0,14,0,0,0,0,1,1,1,1
0,2,4,9,339,1,0,0,3,0,3,3,3,1,0,1,1,0,1,0,1
1,4,1,3,3512,4,2,1,0,0,2,3,41,1,0,0,0,0,0,0,1
2,0,0,0,1898,0,1,3,0,0,1,0,19,0,0,0,1,1,1,0,1
2,4,0,0,2872,4,0,2,0,0,0,0,16,0,0,1,0,1,0,0,1
2,12,0,3,1055,1,4,0,1,0,3,1,22,0,0,0,0,0,1,0,1
2,7,1,6,1262,2,2,0,0,0,2,1,16,0,0,0,0,0,0,0,1
1,9,1,3,7308,1,3,1,0,0,0,2,42,1,1,1,2,0,0,0,1
2,5,1,3,909,2,0,0,0,0,0,1,16,0,0,1,0,0,1,0,1
2,0,1,2,2978,2,1,3,0,0,1,3,11,0,0,1,0,0,0,0,1
0,12,1,2,1131,1,3,0,1,0,1,3,24,0,0,1,0,0,1,0,0
1,14,1,2,1577,3,4,0,1,0,3,0,39,0,0,1,0,0,1,0,1
2,4,1,2,3972,1,2,1,1,0,0,1,8,0,2,1,0,0,0,0,1
1,4,0,5,1935,1,0,0,2,0,0,0,13,0,0,0,0,0,0,0,0
0,7,3,3,950,1,0,0,0,0,2,3,24,0,2,0,0,1,1,0,0
2,2,1,2,763,1,1,0,1,0,3,0,15,0,0,1,0,0,0,0,1
1,4,2,2,2064,1,3,2,1,0,1,1,19,0,0,1,2,0,0,0,0
1,16,1,0,1414,1,1,0,0,1,1,0,24,0,0,1,0,0,1,1,1
0,21,2,1,3414,1,4,1,0,0,3,1,15,0,0,0,0,0,1,0,0
2,6,4,4,7485,0,3,0,1,0,3,0,4,1,0,1,2,0,0,0,0
0,2,1,2,2577,1,1,1,2,0,3,3,18,0,0,1,0,0,1,0,1
0,0,0,0,338,2,0,0,0,0,0,3,29,0,0,0,0,0,1,0,1
2,2,1,0,1963,1,2,0,0,0,1,3,13,0,2,0,2,1,0,0,1
0,21,0,3,571,1,0,0,0,0,0,0,43,0,0,0,0,0,1,0,1
2,5,2,5,9572,1,4,3,2,0,3,3,7,0,0,0,0,0,1,0,0
1,5,2,5,4455,1,1,1,2,0,1,0,22,2,0,0,2,0,0,0,0
0,21,4,3,1647,0,1,0,0,0,1,1,34,0,0,0,1,1,1,0,0
2,4,0,2,3777,3,1,0,0,0,0,0,30,0,0,1,0,0,0,0,1
1,12,0,3,884,1,0,0,0,0,0,3,16,1,0,1,0,1,0,0,0
2,7,0,0,1360,1,1,0,0,0,1,1,13,0,0,0,0,0,1,0,1
1,8,4,4,5129,1,0,1,1,0,0,2,44,1,1,1,2,1,0,0,0
1,22,0,3,1175,1,3,1,0,0,2,3,45,0,1,2,3,0,0,0,1
0,2,1,0,674,4,2,0,3,0,3,1,39,0,0,1,0,0,1,0,0
1,12,3,2,3244,1,1,3,1,0,0,3,24,1,0,0,0,0,0,0,1
2,4,1,5,4591,3,1,1,0,0,2,1,38,0,0,2,2,0,0,0,0
1,1,3,5,3844,4,2,0,0,0,0,2,19,0,1,1,1,1,1,0,0
1,15,1,5,3915,1,1,0,0,0,1,3,16,0,0,1,0,1,0,0,0
2,0,1,0,2108,1,2,1,3,0,1,0,28,0,2,1,0,0,1,0,1
1,13,1,0,3031,4,1,0,0,1,0,1,40,0,2,1,0,0,1,0,0
1,8,0,1,1501,1,0,1,1,0,2,3,19,0,0,0,2,0,0,0,0
2,0,0,0,1382,1,1,3,1,0,3,3,7,0,0,0,0,0,0,0,1
1,2,1,2,951,4,4,0,1,0,0,3,21,1,2,3,0,0,1,0,0
1,4,1,4,2760,0,0,0,0,0,0,2,16,1,1,1,0,0,0,0,1
1,12,2,2,4297,1,0,0,2,0,2,2,34,0,0,1,2,0,0,0,0
2,8,0,1,936,2,0,0,0,0,1,3,29,0,0,0,0,0,0,0,1
0,2,1,3,1168,1,1,0,3,0,2,0,21,0,0,1,1,0,1,0,1
2,15,2,5,5117,1,2,2,0,0,0,3,15,0,0,0,0,0,1,0,1
0,2,1,9,902,1,2,0,3,0,0,1,40,0,2,1,0,0,1,0,0
2,2,0,3,1495,1,0,0,0,0,3,0,41,0,0,0,1,1,1,0,1
0,6,0,4,10623,1,0,2,0,0,0,2,41,0,1,2,2,1,0,0,1
2,2,0,2,1935,1,0,0,0,0,0,0,46,0,0,2,0,0,0,0,1
1,2,0,6,1424,1,2,0,0,0,2,1,15,0,0,1,0,0,1,0,1
0,4,1,5,6568,1,1,1,3,0,1,3,40,2,0,1,1,0,1,0,1
2,2,1,4,1413,3,2,2,0,0,1,1,47,0,0,1,0,0,1,1,1
2,8,0,0,3074,0,1,3,0,0,1,0,24,0,0,0,0,1,1,0,1
2,5,1,0,3835,0,0,1,1,0,0,0,3,0,0,1,1,0,0,0,1
0,15,3,5,5293,1,3,1,0,0,0,1,30,2,0,0,0,0,0,0,0
3,6,2,5,1908,1,0,0,0,0,0,0,35,0,0,1,2,0,0,0,0
2,5,0,0,3342,0,0,0,0,0,1,3,32,0,0,1,0,0,0,0,1
1,0,0,9,932,0,2,3,1,0,2,1,17,0,0,0,1,0,1,0,1
0,12,3,5,3104,1,2,2,0,0,3,1,13,1,0,1,0,0,0,0,1
3,5,1,0,3913,1,1,1,0,0,1,0,27,0,0,1,0,0,0,0,1
0,4,1,2,3021,1,1,1,2,0,1,0,9,0,2,1,1,0,1,0,1
2,9,1,3,1364,1,1,1,1,0,0,3,48,0,0,1,0,0,0,0,1
1,2,1,0,625,1,4,0,3,1,3,0,15,1,0,1,1,0,1,0,1
0,2,1,1,1200,0,1,0,1,0,0,1,27,1,2,1,0,0,0,0,1
2,2,1,0,707,1,1,0,0,0,1,0,22,1,0,0,0,0,1,0,1
2,4,2,5,2978,0,1,0,0,0,0,0,11,0,0,0,0,1,0,0,1
2,7,1,4,4657,1,1,2,0,0,1,3,22,0,0,1,0,0,0,0,1
2,5,3,7,2613,1,1,0,0,0,1,3,21,0,0,0,0,0,1,0,1
1,1,1,0,10961,3,2,3,0,2,1,2,21,1,0,0,0,0,0,0,0
0,2,1,2,7865,1,0,0,0,0,0,2,4,0,1,1,2,0,0,0,0
2,8,1,0,1478,1,2,0,0,0,1,3,1,0,0,1,0,0,1,0,0
0,4,1,2,3149,1,4,0,0,0,3,2,1,1,1,1,0,0,1,0,1
3,5,1,0,4210,1,1,0,0,0,1,3,15,0,0,1,0,0,1,0,0
2,8,1,3,2507,2,0,1,0,0,0,2,32,0,1,1,1,0,1,0,1
2,2,1,0,2141,4,2,2,0,0,3,2,5,0,0,1,0,0,1,0,1
1,12,1,0,866,1,1,0,3,1,1,0,8,0,0,1,1,0,1,0,1
2,23,0,0,1544,1,2,1,0,0,3,0,18,0,0,2,1,1,1,0,1
0,4,1,0,1823,1,3,0,0,0,1,3,22,2,0,1,2,1,1,0,0
1,0,1,3,14555,0,3,3,0,0,1,1,27,0,0,1,3,0,0,0,0
1,21,1,5,2767,4,0,0,2,0,1,3,6,1,2,0,1,0,1,0,0
2,2,0,0,1291,1,1,0,1,0,1,1,5,0,0,0,0,0,1,0,1
0,6,1,0,2522,1,0,3,0,1,2,1,17,0,0,1,0,1,1,0,1
0,4,1,3,915,0,0,0,1,0,1,3,28,1,0,1,0,0,1,0,0
2,0,1,0,1595,1,2,2,0,0,1,1,32,0,0,1,0,1,1,0,1
0,1,3,4,4605,1,0,2,0,0,0,2,9,0,1,0,0,1,1,0,0
2,2,0,5,1185,1,1,2,1,0,1,0,21,0,0,0,0,0,1,0,1
2,2,4,9,3447,2,1,0,1,0,2,0,5,0,0,1,1,1,1,0,1
2,4,1,5,1258,1,2,0,0,0,3,0,8,0,0,1,0,0,0,0,1
2,2,0,0,717,1,0,0,0,0,0,0,29,0,0,2,0,0,1,0,1
2,0,3,3,1204,4,1,0,0,0,3,2,5,1,2,1,0,0,1,1,1
3,4,1,2,1925,1,1,1,0,0,1,0,15,0,0,1,0,0,1,0,1
2,12,1,0,433,1,3,2,1,2,0,0,1,0,2,1,0,0,1,0,0
0,0,0,3,666,3,2,2,1,0,0,0,17,0,0,0,1,0,0,0,1
3,2,1,2,2251,1,1,3,1,0,1,3,31,0,0,1,1,0,1,0,1
1,6,1,3,2150,1,1,0,1,1,1,2,9,1,0,1,0,0,1,0,0
2,4,2,2,4151,4,1,1,0,0,2,1,5,0,0,0,0,0,1,0,1
1,8,1,2,2030,0,2,1,0,0,3,3,9,0,0,1,0,0,0,0,1
1,11,2,0,7418,0,1,3,0,0,3,0,21,0,0,1,1,0,1,0,1
2,4,0,0,2684,1,1,0,0,0,1,0,5,0,0,0,1,0,1,0,1
0,2,4,0,2149,1,1,0,2,0,3,2,28,0,1,1,0,0,1,0,0
2,7,1,4,3812,4,4,3,1,0,0,3,27,0,0,1,0,0,0,0,1
2,14,0,0,1154,4,3,0,1,0,0,0,23,0,0,2,1,0,1,0,1
0,2,1,2,1657,1,1,1,0,0,1,0,21,0,0,1,0,0,1,0,1
0,4,1,0,1603,1,0,0,1,0,0,3,47,0,0,1,0,0,1,0,1
0,12,0,3,5302,1,0,1,0,0,0,2,16,0,1,2,2,0,0,0,1
2,2,0,1,2748,1,0,1,1,0,0,2,23,1,1,2,1,0,1,0,1
2,9,0,3,1231,1,0,2,0,0,0,0,11,0,0,0,1,1,1,1,1
1,7,1,0,802,1,0,0,0,0,2,3,25,0,0,1,0,1,1,0,0
2,5,0,5,6304,0,0,0,0,0,0,0,16,0,0,0,0,0,1,0,1
2,4,1,0,1533,1,4,0,1,0,2,3,41,2,0,1,0,0,0,0,1
0,19,1,3,8978,1,0,3,2,0,0,1,3,0,0,1,2,0,0,1,0
2,4,1,0,999,0,0,0,0,0,1,3,8,0,0,0,0,0,1,0,1
2,12,1,3,2662,0,2,0,0,0,2,1,11,0,0,1,0,0,1,1,1
2,2,0,2,1402,2,2,2,1,0,0,3,25,0,2,1,0,0,0,0,1
1,1,4,3,12169,0,3,0,0,2,0,2,16,0,1,1,2,0,0,0,1
1,1,1,0,3060,1,2,0,0,0,0,0,7,0,0,0,0,0,1,0,0
0,6,1,7,11998,1,4,3,2,0,3,2,19,0,0,1,1,0,0,0,0
2,8,1,0,2697,1,1,3,0,0,1,0,11,0,0,1,0,1,1,0,1
2,12,0,0,2404,1,1,1,1,0,1,3,15,0,0,0,0,0,1,0,1
0,2,1,2,1262,0,0,1,2,0,0,1,2,0,0,1,1,0,0,0,1
2,0,1,2,4611,1,4,3,1,0,0,1,11,0,0,1,0,0,1,0,0
2,4,1,0,1901,4,1,0,0,0,0,3,28,0,2,1,2,0,0,0,1
2,7,0,4,3368,3,0,2,0,0,0,2,27,0,2,0,0,0,0,0,1
2,2,1,2,1574,1,1,0,0,0,1,0,30,0,0,1,0,0,1,0,1
3,12,4,0,1445,0,2,0,0,0,0,3,2,1,0,1,1,0,1,0,1
2,7,0,2,1520,0,0,0,0,0,0,1,20,0,0,1,0,0,1,0,1
1,4,0,3,3878,4,4,0,2,0,1,3,25,0,0,1,0,0,0,0,1
0,24,1,3,10722,1,4,3,1,0,3,0,5,0,0,1,1,0,0,0,1
0,1,1,4,4788,1,2,0,0,0,2,1,15,0,0,1,0,1,1,0,1
1,1,2,8,7582,4,3,1,0,0,0,2,13,0,1,1,2,0,0,0,1
1,2,1,0,1092,1,1,0,1,1,0,0,2,0,0,0,0,0,0,0,1
0,4,2,0,1024,1,4,0,3,0,0,0,14,2,0,1,0,0,1,0,0
2,2,1,5,1076,1,1,1,3,0,1,0,15,0,0,1,0,0,0,1,1
1,5,1,4,9398,1,4,3,3,0,0,3,7,0,2,1,2,0,0,0,0
0,4,0,4,6419,1,0,1,1,0,0,2,12,0,1,0,2,1,0,0,1
3,3,0,4,4796,1,0,0,0,0,0,2,37,0,1,1,0,0,1,0,1
2,1,0,5,7629,0,0,0,2,0,1,3,31,1,0,0,2,1,1,0,1
1,1,1,2,9960,1,4,3,1,0,1,3,15,0,0,1,0,0,0,0,0
2,2,1,4,4675,0,4,3,1,0,0,3,39,0,2,1,0,0,1,0,1
2,9,1,3,1287,0,0,0,0,2,1,1,3,0,0,1,1,0,1,1,1
2,12,1,2,2515,1,1,2,0,0,0,0,46,0,0,1,0,0,0,0,1
1,21,0,2,2745,3,2,2,0,0,1,3,11,0,0,0,0,0,0,0,1
2,0,1,3,672,1,3,3,1,0,0,0,38,0,0,1,3,0,0,0,1
1,5,3,0,3804,1,1,0,1,0,3,3,18,0,0,1,0,0,0,0,0
3,4,0,3,1344,0,2,0,0,0,1,0,25,1,0,0,1,1,1,0,0
0,9,0,3,1038,1,2,0,0,2,2,1,2,0,0,0,0,0,0,0,1
2,1,0,3,10127,2,1,1,0,0,1,2,12,1,1,1,0,0,1,0,0
2,0,1,2,1543,3,1,0,2,0,1,0,24,0,0,1,0,0,1,0,1
2,6,1,4,4811,0,2,1,1,0,0,1,9,2,2,1,1,0,1,0,1
0,2,1,0,727,4,4,0,3,0,2,2,24,0,0,1,1,0,0,0,0
1,16,1,2,1237,1,1,2,1,0,0,0,9,0,0,1,0,0,1,0,0
1,8,1,3,276,1,1,0,3,0,0,0,1,0,2,1,1,0,1,0,1
1,1,1,8,5381,0,3,2,0,0,0,2,34,1,1,1,3,0,0,0,1
2,4,1,2,5511,4,1,0,0,0,3,3,8,2,0,1,0,0,1,0,1
3,4,1,2,3749,1,4,1,1,0,0,3,15,0,0,1,0,0,1,0,1
1,2,1,3,685,1,2,1,3,0,2,3,8,1,0,1,1,0,1,0,0
3,23,1,3,1494,0,4,3,0,0,1,0,28,0,0,1,1,1,1,1,1
0,5,4,2,2746,1,0,0,0,0,0,3,13,1,0,1,0,0,1,0,0
0,2,1,2,708,1,1,1,0,1,2,1,41,0,0,1,1,1,1,0,1
1,4,1,2,4351,0,1,3,1,0,0,1,14,0,0,1,1,0,0,0,1
2,2,0,1,701,1,1,0,0,0,1,3,11,0,0,0,0,0,1,0,1
0,7,2,2,3643,1,0,3,1,0,0,1,21,0,0,0,1,0,1,0,1
1,6,0,3,4249,1,3,0,3,0,1,3,7,0,0,0,2,0,1,0,0
0,4,1,0,1938,1,4,0,2,0,2,1,11,0,0,1,0,0,1,0,0
0,4,1,4,2910,1,2,1,0,0,3,2,19,0,1,1,2,0,0,0,1
0,12,1,2,2659,3,1,0,0,0,1,3,7,0,0,1,0,0,1,0,1
2,12,0,3,1028,1,1,0,1,0,2,0,16,0,0,0,0,0,1,0,1
0,16,0,3,3398,1,2,3,0,0,0,0,17,0,0,0,1,0,1,1,1
2,2,0,2,5801,0,0,1,0,0,0,1,2,0,2,1,0,0,0,0,1
2,4,1,3,1525,3,2,0,1,0,2,3,19,0,0,1,0,1,0,0,1
3,5,1,0,4473,1,0,0,0,0,1,3,13,0,0,1,0,0,1,0,1
1,0,1,0,1068,1,0,0,0,0,0,3,7,0,0,1,0,1,1,0,1
0,4,0,4,6615,1,3,1,0,0,0,2,49,0,1,0,2,0,0,0,1
2,12,0,1,1864,4,1,0,1,0,1,0,22,0,0,0,0,0,1,0,0
1,11,1,3,7408,4,4,0,1,0,1,1,9,0,0,1,2,0,1,0,0
2,1,0,4,11590,4,1,1,1,0,0,3,9,1,2,0,1,0,1,0,0
0,4,3,2,4110,1,0,2,0,0,0,2,27,1,2,0,0,1,1,0,0
0,0,0,2,3384,1,1,3,2,0,0,0,12,0,2,1,2,0,0,0,0
1,25,1,0,2101,1,4,1,1,1,0,1,27,0,0,1,1,0,1,0,1
0,7,1,6,1275,0,1,0,1,0,1,3,9,0,2,1,0,0,1,0,0
0,4,1,2,4169,1,1,0,0,0,0,1,7,0,0,1,0,0,1,0,1
1,9,1,2,1521,1,1,0,2,0,1,3,13,0,0,1,1,0,1,0,1
1,4,0,1,5743,1,4,1,1,0,0,2,9,0,1,0,0,0,0,0,1
0,21,1,2,3599,1,2,3,1,0,0,3,15,0,2,1,1,0,1,0,1
1,12,1,0,3213,2,4,3,3,0,2,0,8,0,2,1,0,0,1,0,1
1,12,1,5,4439,1,0,3,0,2,3,0,24,1,0,1,2,0,0,0,1
3,9,1,3,3949,1,4,3,0,1,3,1,25,0,0,1,1,1,1,0,1
2,7,0,0,1459,1,1,0,1,0,1,3,46,0,0,1,1,0,1,0,1
1,25,0,0,882,1,4,0,0,1,0,0,27,0,0,0,0,0,1,0,1
1,4,1,0,3758,2,3,3,1,0,0,2,27,0,2,1,3,0,1,0,1
2,0,2,5,1743,4,1,3,0,0,1,0,19,0,0,0,1,0,1,0,1
1,8,0,1,1136,3,0,0,0,0,2,2,11,0,1,0,0,1,1,0,0
2,8,1,6,1236,1,4,3,1,0,0,0,27,0,2,1,0,0,0,0,1
1,8,1,2,959,1,1,3,1,0,1,3,28,0,0,1,0,0,1,1,0
2,12,0,4,3229,0,3,1,0,0,0,2,41,0,0,1,2,0,0,0,1
0,2,3,0,6199,1,1,0,0,0,1,1,7,0,2,0,0,0,0,0,0
2,9,1,1,727,2,0,0,0,0,0,2,31,0,1,1,0,0,0,0,1
1,4,1,3,1246,1,4,0,0,0,1,0,27,2,0,1,1,0,1,0,0
2,2,0,0,2331,0,0,3,0,2,0,0,2,0,0,1,0,0,0,0,1
2,5,2,0,4463,1,1,0,0,0,1,3,15,0,0,0,2,0,0,0,0
2,2,1,0,776,1,1,0,3,0,1,0,7,0,0,1,0,0,1,0,1
0,6,1,2,2406,1,2,0,1,0,0,0,27,0,2,1,0,0,1,0,0
1,12,1,1,1239,0,1,0,0,0,0,2,6,0,1,1,0,0,1,0,1
3,2,1,0,3399,0,0,1,0,0,2,3,25,0,0,1,2,0,1,0,1
3,2,2,3,2247,1,1,1,1,0,1,3,16,2,0,0,0,0,0,0,1
2,0,1,2,1766,1,1,3,3,0,1,1,40,0,2,1,0,0,1,0,1
0,12,1,2,2473,1,3,0,0,0,3,3,8,0,0,1,3,0,1,0,0
2,2,1,5,1542,1,2,1,0,0,0,3,16,0,0,1,0,0,0,0,1
2,12,0,4,3850,1,2,2,0,0,3,3,21,0,0,0,0,0,1,0,1
0,12,1,2,3650,1,4,3,1,0,0,3,1,0,2,1,0,0,1,0,1
0,5,1,2,3446,1,0,0,0,0,1,3,18,0,0,1,0,1,1,0,0
1,12,1,2,3001,1,2,1,1,0,0,0,34,0,2,1,0,0,1,0,1
2,5,1,3,3079,0,1,0,0,0,0,0,16,0,0,1,0,0,1,0,1
2,12,0,0,6070,1,0,2,0,0,0,3,24,0,0,0,0,0,0,0,1
2,9,0,2,2146,1,4,3,1,0,2,0,27,0,2,0,0,0,1,0,1
2,11,0,3,13756,0,0,1,0,0,0,2,20,1,1,1,2,0,0,0,1
1,11,4,8,14782,4,0,2,1,0,0,2,10,1,1,0,2,0,0,0,0
0,1,4,5,7685,1,2,1,1,1,0,3,25,0,2,1,0,0,1,0,0
2,12,2,0,2320,1,3,1,3,0,2,0,19,0,0,0,0,0,1,0,1
2,10,2,0,846,0,0,2,0,0,0,2,16,0,1,1,0,0,1,0,1
1,5,1,3,14318,1,0,0,0,0,1,2,23,0,1,1,2,0,0,0,0
2,0,0,3,362,4,1,0,1,0,0,3,29,0,0,0,1,0,1,0,1
0,18,1,2,2212,0,2,0,0,0,0,3,17,0,0,1,0,0,0,0,1
1,12,1,4,12976,1,3,2,1,0,0,2,41,0,1,1,2,0,0,0,0
2,26,1,3,1283,0,2,0,1,0,0,1,8,0,2,1,0,0,1,0,1
3,2,1,3,1330,1,4,0,0,0,3,0,15,0,0,1,0,0,1,0,1
2,6,2,5,4272,4,1,1,0,0,1,1,15,0,0,0,1,0,1,0,1
2,12,0,0,2238,1,1,1,1,0,3,3,8,0,0,0,0,0,1,0,1
2,12,1,0,1126,0,4,0,1,0,1,0,40,0,2,1,0,0,0,0,1
1,12,0,2,7374,1,3,0,0,0,0,1,34,2,0,0,2,0,0,0,1
1,7,0,5,2326,2,1,1,0,0,0,3,21,1,0,1,0,0,1,0,1
2,8,1,5,1449,1,2,2,1,0,1,3,21,0,0,0,0,0,1,0,1
2,12,1,3,1820,1,1,1,3,0,1,1,22,0,0,1,2,0,0,0,1
1,2,1,2,983,3,4,3,1,0,0,0,50,0,2,1,1,0,1,0,1
0,5,1,3,3249,1,2,1,0,0,0,2,17,1,1,1,2,1,0,0,1
0,0,0,0,1957,1,2,3,1,0,0,3,13,0,0,1,0,0,1,0,1
2,8,0,2,2406,1,3,1,0,0,2,3,13,0,0,1,2,0,1,0,1
1,27,2,1,11760,4,2,1,0,0,2,2,11,0,2,1,0,0,0,0,1
0,2,1,2,2578,1,3,2,1,0,0,2,47,0,1,1,2,0,1,0,1
0,5,0,2,2348,1,1,2,3,0,1,1,31,0,0,0,0,0,0,0,1
1,2,1,3,1223,1,0,3,2,0,3,0,31,0,2,0,0,0,1,0,0
2,4,0,0,1516,3,1,0,1,0,3,0,46,0,0,0,1,0,1,0,1
2,12,1,0,1473,1,4,2,3,0,0,0,17,0,0,1,0,0,0,0,1
1,12,0,5,1887,0,1,0,3,0,0,0,7,1,0,0,0,0,1,0,1
2,4,2,5,8648,1,4,1,0,0,1,3,21,1,0,0,0,0,0,0,0
2,19,2,3,802,1,1,0,0,0,1,3,21,0,0,0,1,0,1,0,1
1,12,2,3,2899,0,0,0,0,0,0,3,46,0,0,1,0,1,1,0,1
1,4,1,0,2039,1,4,3,3,0,3,1,1,0,0,1,0,0,0,0,0
2,4,0,4,2197,0,2,0,0,0,0,3,46,0,0,0,0,1,0,0,1
0,7,1,0,1053,1,4,0,3,0,1,0,21,0,0,1,0,0,1,1,1
2,4,1,0,3235,2,0,2,2,0,1,3,15,0,0,1,2,0,0,0,1
3,2,0,3,939,2,2,0,3,0,1,0,7,0,0,2,0,0,0,0,0
1,4,1,0,1967,1,0,0,1,0,0,3,39,0,0,1,0,0,0,0,1
2,20,0,4,7253,1,2,2,0,0,1,3,5,0,0,0,2,0,0,0,1
2,2,0,5,2292,1,3,0,0,0,1,3,18,2,0,0,2,0,0,0,0
2,9,1,3,1597,2,1,2,0,0,1,2,34,0,2,1,1,1,1,1,1
0,4,1,3,1381,0,1,0,1,0,1,1,5,0,0,1,0,0,1,0,0
2,5,0,4,5842,1,0,1,0,0,1,1,5,0,0,0,0,1,0,0,1
0,2,1,3,2579,1,4,0,0,0,3,0,24,0,0,1,1,1,1,0,0
0,12,2,1,8471,0,1,3,1,0,1,3,27,0,2,0,0,0,0,0,1
2,21,1,3,2782,2,2,3,1,0,1,3,13,1,0,1,2,0,1,0,1
1,12,1,3,1042,0,1,0,1,0,1,1,24,0,0,1,0,0,1,0,0
2,7,1,3,3186,3,2,1,1,0,2,3,39,0,2,1,0,0,1,0,1
1,2,1,4,2028,0,1,0,0,0,1,3,22,0,0,1,0,0,1,0,1
1,2,0,3,958,1,2,1,0,0,2,0,36,0,0,0,1,1,1,0,1
2,21,2,2,1591,4,2,0,0,0,2,0,19,0,0,0,2,0,1,0,1
1,2,1,2,2762,0,0,3,1,0,1,1,8,1,0,1,0,0,0,0,0
1,12,1,4,2779,1,1,3,3,0,2,3,40,0,2,1,0,0,0,0,1
2,28,0,0,2743,1,0,0,0,0,1,3,28,0,0,0,0,0,1,0,1
2,12,0,0,1149,3,1,0,0,0,2,0,31,0,0,0,0,0,1,0,1
2,8,1,2,1313,1,0,3,0,0,0,3,39,0,0,1,0,0,1,0,1
0,12,0,7,1190,1,3,1,1,0,0,2,47,0,1,2,3,1,1,0,0
2,29,1,5,3448,1,2,3,0,0,0,0,44,0,0,1,1,0,1,0,1
1,4,1,8,11328,1,1,1,0,2,2,3,28,1,0,0,2,0,0,0,0
0,0,0,2,1872,1,3,0,0,0,0,2,16,0,1,2,2,0,0,0,1
2,4,0,7,2058,1,1,0,2,0,1,0,24,0,0,0,0,0,0,0,1
0,8,1,2,2136,1,1,2,0,0,1,0,8,0,0,1,0,0,1,0,1
1,2,1,0,1484,0,1,1,3,0,3,0,8,0,0,1,0,0,0,0,0
2,0,1,7,660,2,2,1,3,0,0,0,27,0,2,1,1,0,1,0,1
2,4,0,3,1287,3,0,0,1,0,0,0,25,0,0,0,0,0,0,0,1
0,3,0,7,3394,1,3,0,0,2,0,3,43,0,0,0,3,0,1,0,1
3,2,4,5,609,1,4,0,1,0,3,0,15,0,0,1,3,0,1,0,0
2,2,1,3,1884,1,0,0,0,0,0,3,17,0,0,1,2,0,0,0,1
0,2,1,2,1620,1,1,1,1,2,2,1,22,0,0,1,0,0,1,0,1
1,18,2,8,2629,1,1,1,0,0,2,3,28,1,0,0,0,0,0,0,1
2,2,1,1,719,1,0,0,0,0,0,3,33,1,0,1,1,1,1,0,0
1,1,0,2,5096,1,1,1,1,0,2,3,22,0,0,1,2,0,0,0,0
2,8,0,1,1244,0,0,0,1,0,0,1,33,0,2,0,1,0,1,0,1
0,5,1,3,1842,1,4,0,1,0,0,3,19,0,0,1,0,0,0,0,0
1,10,1,0,2576,1,1,1,0,1,1,0,5,0,0,1,0,0,1,0,1
3,2,1,2,1424,0,0,2,1,0,0,0,47,0,0,1,2,0,0,0,1
1,7,2,7,1512,3,1,2,3,0,2,1,6,2,0,0,0,0,1,0,0
2,5,0,4,11054,0,1,0,0,0,1,3,22,0,0,1,2,0,0,0,1
2,0,1,0,518,1,1,2,1,0,3,0,28,0,0,1,0,0,1,0,1
2,2,3,2,2759,1,0,1,0,0,0,1,19,0,0,0,0,0,1,0,1
2,4,1,4,2670,1,0,0,0,0,0,3,5,0,0,1,2,0,0,0,1
0,4,1,3,4817,1,2,1,0,2,2,1,13,0,0,1,0,0,0,0,0
2,4,1,4,2679,1,4,0,1,0,3,2,28,0,0,1,2,0,0,0,1
0,14,0,3,3905,1,1,1,0,0,1,0,16,0,2,0,0,1,1,0,1
0,2,1,4,3386,1,0,2,0,0,0,2,5,0,1,1,0,0,0,0,0
0,0,1,6,343,1,4,0,1,0,3,0,21,0,0,1,0,0,1,0,1
2,12,1,0,4594,1,4,2,0,0,1,3,11,0,0,1,0,0,0,0,1
0,5,1,2,3620,1,1,3,0,1,1,1,25,0,0,1,0,1,1,0,1
0,7,1,3,1721,1,4,1,0,0,2,0,16,0,0,1,0,0,1,0,1
1,2,1,2,3017,1,4,2,1,0,3,0,19,0,2,1,2,0,1,0,1
1,2,1,9,754,0,0,0,0,0,0,1,41,0,0,0,0,0,1,0,1
2,12,1,5,1950,1,2,0,0,0,3,3,19,2,0,0,0,0,0,0,1
0,4,1,4,2924,1,1,2,0,1,0,2,20,1,0,1,0,1,0,0,1
0,4,2,0,1659,1,4,0,1,0,1,3,28,0,2,1,1,0,0,0,0
2,1,2,0,7238,0,0,2,0,0,2,3,11,1,0,0,0,1,1,0,1
2,20,2,5,2764,1,1,1,1,0,1,3,15,0,0,0,0,0,0,0,1
2,4,2,4,4679,1,2,2,0,0,2,3,5,0,0,0,1,0,0,0,1
1,4,1,0,3092,4,4,2,3,0,1,3,1,0,2,1,0,0,0,0,0
0,0,1,1,448,1,4,0,1,0,0,1,27,0,0,1,0,0,1,0,0
0,8,1,3,654,1,1,0,0,0,2,3,7,0,0,1,1,0,1,0,0
2,0,1,9,1238,0,3,0,0,0,0,1,16,0,0,1,2,1,0,0,1
1,12,0,0,1245,1,1,0,3,0,1,3,24,0,0,1,0,0,1,0,0
0,12,3,2,3114,1,4,3,1,0,0,1,15,0,2,1,0,0,1,0,0
2,27,1,4,2569,2,1,0,0,0,0,3,9,0,0,1,0,0,1,0,1
3,4,1,0,5152,1,2,0,0,0,1,3,8,1,0,1,0,0,1,0,1
1,2,1,5,1037,4,2,2,0,0,0,0,17,0,0,1,1,0,1,0,1
0,7,0,2,1478,1,0,0,0,0,0,3,12,0,0,0,0,1,0,0,1
1,2,0,0,3573,1,1,3,1,0,3,0,27,0,0,1,1,0,1,0,1
1,4,1,3,1201,1,4,0,0,0,3,1,15,0,0,1,0,0,1,0,1
0,6,1,2,3622,3,0,0,1,0,0,1,23,0,2,0,0,0,0,0,1
2,7,2,2,960,3,2,2,1,0,1,1,22,0,0,0,0,0,1,0,1
2,2,0,3,1163,2,1,0,0,0,0,0,12,0,0,1,0,0,0,0,1
1,0,2,3,1209,1,3,0,0,0,0,1,36,0,0,1,2,0,0,0,0
2,2,1,0,3077,1,1,1,0,0,0,3,29,0,0,1,0,0,0,0,1
2,4,1,3,3757,1,0,0,1,2,0,2,51,0,1,1,0,0,0,0,1
2,9,1,3,1418,4,1,2,0,0,1,0,5,0,2,1,1,0,1,1,1
2,0,1,3,3518,1,1,1,0,1,2,1,15,0,2,1,0,0,1,0,1
2,2,0,0,1934,1,0,1,0,0,1,2,15,0,0,0,0,0,1,0,1
1,15,3,5,8318,1,0,1,1,0,0,2,18,0,1,0,2,0,0,0,0
2,0,0,0,1237,4,1,3,1,0,3,1,21,0,0,0,0,0,1,0,1
1,0,1,0,368,0,0,0,0,0,0,1,41,0,0,1,0,0,1,0,1
0,2,0,3,2122,1,1,2,0,0,1,0,17,0,2,0,1,1,1,1,1
0,4,1,2,2996,0,1,1,3,0,0,3,39,0,0,1,0,0,1,0,0
1,5,1,2,9034,4,4,0,0,2,3,2,28,0,2,1,2,0,0,0,0
2,4,0,2,1585,1,2,0,0,0,2,1,34,0,0,0,0,0,1,0,1
1,12,1,0,1301,1,0,0,3,1,1,0,11,0,0,1,1,0,1,0,1
3,0,0,3,1323,4,0,1,2,0,0,3,7,0,0,0,0,1,0,0,1
0,4,1,3,3123,1,4,0,1,0,3,1,21,0,0,1,0,0,1,0,0
0,5,1,4,5493,1,0,1,0,0,0,2,18,0,1,1,0,1,1,0,1
3,8,1,0,1126,4,0,1,2,0,0,0,2,0,0,1,0,0,1,0,1
1,4,0,0,1216,4,4,0,0,0,0,2,41,1,0,0,0,1,1,0,0
0,4,1,3,1207,1,4,0,1,0,0,1,9,0,2,1,0,0,1,0,0
2,9,1,3,1309,0,1,0,0,1,0,1,21,0,0,1,1,0,1,0,0
3,7,0,4,2360,2,1,1,0,0,1,3,16,0,0,1,0,0,0,0,1
1,7,4,3,6850,4,3,3,0,0,1,1,19,0,0,1,2,1,0,0,0
2,4,1,0,1413,1,1,0,3,0,1,1,7,0,0,1,0,0,1,0,1
2,27,1,4,8588,4,0,0,0,0,1,3,3,0,0,1,2,0,0,0,1
0,2,1,3,759,1,2,0,0,0,1,0,15,0,0,1,0,0,1,0,0
2,5,1,4,4686,1,1,1,0,0,1,2,11,0,1,1,2,0,0,0,1
3,7,1,5,2687,1,2,1,0,0,0,1,15,0,2,1,0,0,0,0,1
1,2,2,0,585,1,1,0,3,2,0,0,39,0,2,0,0,0,1,0,1
2,4,1,3,2255,0,4,0,0,0,3,1,38,0,0,1,0,0,1,0,1
0,0,0,3,609,1,2,0,1,0,2,1,25,0,0,0,0,0,1,1,1
0,0,0,3,1361,1,4,1,0,0,0,0,34,0,0,1,1,1,1,1,1
2,5,0,2,7127,1,4,1,1,0,0,1,27,0,2,0,0,0,0,0,0
0,0,1,3,1203,4,0,2,0,0,1,1,46,0,0,1,0,0,0,0,1
2,0,0,0,700,0,0,0,0,0,0,2,16,0,1,0,0,0,1,0,1
2,4,0,7,5507,1,0,2,0,0,0,2,12,0,1,0,0,0,1,0,1
0,12,1,0,3190,1,1,1,1,0,1,0,9,0,0,1,0,0,1,0,0
0,1,3,2,7119,1,1,2,0,0,0,2,4,0,1,0,0,1,1,0,0
2,4,1,4,3488,4,2,2,1,0,0,3,27,0,0,1,0,0,1,0,1
1,12,1,0,1113,1,1,0,1,1,0,0,15,0,0,1,1,1,1,0,1
1,30,1,4,7966,1,4,1,0,0,2,3,22,0,0,0,0,0,1,0,1
2,7,0,1,1532,4,1,0,1,0,2,3,13,0,0,1,0,0,1,0,1
2,23,0,0,1503,1,2,1,0,0,3,0,18,0,0,0,1,1,1,0,1
0,5,1,0,2302,1,1,0,2,0,0,3,13,0,2,1,0,0,1,0,0
0,0,1,3,662,1,4,2,0,0,0,0,33,0,0,1,1,1,0,0,1
1,5,1,1,2273,1,2,2,0,0,3,3,11,0,0,0,0,1,1,0,1
1,7,1,3,2631,4,1,1,1,0,0,3,7,0,2,0,0,0,0,0,0
2,2,2,4,1503,1,1,0,3,0,0,0,33,0,2,1,0,0,1,0,1
2,4,1,0,1311,4,2,0,3,0,2,1,15,0,0,1,0,0,0,0,1
2,4,1,0,3105,0,4,0,0,0,1,3,8,0,0,0,0,0,1,0,1
3,21,0,1,2319,1,4,1,2,0,3,3,24,0,2,1,0,0,1,0,0
0,0,1,3,1374,0,3,0,1,0,2,1,49,0,0,1,2,0,0,0,1
1,12,0,2,3612,1,0,2,1,0,0,1,25,0,0,1,0,0,0,0,1
0,1,1,3,7763,1,0,0,0,0,0,2,18,1,1,1,2,0,1,0,0
3,12,1,2,3049,1,4,3,1,0,3,1,3,2,0,1,1,0,1,0,1
1,2,1,0,1534,1,4,3,3,0,3,0,27,0,2,1,0,0,1,0,0
2,4,2,3,2032,1,0,0,0,0,0,2,10,0,1,0,0,0,0,0,1
0,6,1,2,6350,0,0,0,0,0,0,1,13,0,0,1,0,0,1,0,0
3,12,1,2,2864,1,1,1,0,0,3,0,19,0,0,1,1,1,1,0,0
2,2,0,3,1255,1,0,0,0,0,0,0,6,0,0,0,1,0,1,0,1
0,4,2,3,1333,1,3,0,0,0,1,0,46,0,1,0,0,1,1,0,0
2,4,0,3,2022,1,1,0,1,0,0,3,25,0,0,1,0,0,0,0,1
2,4,1,0,1552,1,2,2,0,0,3,3,11,1,0,1,0,1,1,0,1
0,2,4,0,626,1,1,0,1,0,0,0,9,1,0,1,1,0,1,0,0
2,1,0,4,8858,0,2,1,0,0,3,2,5,0,1,0,0,0,0,0,1
2,2,0,7,996,0,2,0,1,0,0,0,27,0,0,0,0,0,1,0,1
2,0,4,0,1750,2,0,1,0,0,0,1,3,1,0,1,1,1,1,0,1
0,1,1,0,6999,1,2,3,3,1,3,0,19,0,0,0,0,0,0,0,0
1,2,0,3,1995,4,4,0,0,0,3,3,21,0,0,1,0,0,1,0,1
1,8,1,1,1199,1,2,0,1,0,0,1,0,0,0,0,2,0,0,0,1
1,2,1,0,1331,1,4,1,0,0,3,3,1,2,0,1,0,0,1,0,0
1,12,3,3,2278,4,4,2,1,0,2,3,7,0,0,0,0,0,1,0,0
2,21,3,3,5003,0,1,3,1,0,0,1,28,1,0,0,0,0,0,0,0
0,4,4,2,3552,1,2,2,0,0,0,3,21,1,0,1,0,0,1,0,0
1,12,0,2,1928,1,4,1,0,0,1,0,13,0,0,0,1,0,1,0,0
0,4,1,4,2964,0,0,0,0,0,0,2,2,1,1,1,0,1,0,0,1
0,4,4,0,1546,1,2,0,0,1,0,3,9,1,2,1,1,0,1,0,0
3,0,2,0,683,1,4,1,1,0,3,1,28,1,0,1,0,0,1,0,1
1,5,1,3,12389,0,1,3,0,0,0,2,25,0,1,1,0,0,0,0,0
1,4,2,5,4712,0,1,0,0,0,1,1,25,1,0,0,2,0,0,0,1
1,4,2,0,1553,4,2,2,1,0,1,1,27,0,2,0,0,0,0,0,1
0,2,1,3,1372,1,2,1,2,0,2,3,16,0,0,1,0,0,1,0,0
2,4,0,0,2578,3,0,1,0,0,1,3,19,0,0,1,0,0,1,0,1
1,1,1,0,3979,0,2,0,0,0,3,3,33,0,0,0,0,1,0,0,1
0,1,1,0,6758,1,1,2,1,0,1,3,13,0,0,1,0,0,0,0,0
0,4,1,2,3234,1,4,0,1,0,0,0,27,0,2,1,1,0,0,0,0
2,6,0,0,5954,1,2,2,0,2,1,3,41,0,0,1,0,0,1,0,1
2,4,1,4,5433,0,3,1,1,0,0,1,15,0,2,1,2,0,0,0,1
0,7,1,5,806,1,1,0,1,0,0,1,1,0,0,1,1,0,1,0,1
1,8,1,0,1082,1,0,0,0,0,0,3,21,0,0,0,1,0,1,0,1
2,7,0,2,2788,1,2,1,1,2,2,3,9,1,0,0,0,0,1,0,1
1,2,1,0,2930,1,2,1,1,0,3,0,21,0,0,1,0,0,1,0,1
2,4,0,1,1927,0,1,2,1,0,1,3,24,0,0,0,0,0,0,0,1
1,5,0,3,2820,1,4,0,2,0,0,3,21,0,0,0,0,0,1,0,0
2,4,1,9,937,1,4,0,3,0,2,3,21,0,0,0,1,0,1,0,1
1,12,0,3,1056,1,0,2,0,1,2,0,22,1,0,0,0,0,1,0,0
1,2,0,3,3124,1,4,3,0,0,2,0,2,1,0,0,1,1,1,0,1
2,8,1,2,1388,1,1,0,1,0,1,0,15,0,2,1,0,0,1,0,1
1,5,1,7,2384,1,4,0,0,0,3,2,24,0,2,1,1,0,1,0,0
2,2,1,3,2133,0,0,0,1,0,0,2,29,0,1,1,2,0,0,0,1
0,12,1,2,2039,1,1,3,1,0,0,0,39,1,2,1,0,0,1,0,0
0,8,0,3,2799,1,1,1,0,0,1,0,16,0,2,0,0,1,1,0,1
0,2,1,2,1289,1,1,0,0,1,3,1,40,0,0,1,1,0,1,0,1
0,12,1,6,1217,1,1,0,3,0,2,0,36,0,0,1,1,0,0,0,0
0,2,0,2,2246,1,0,2,0,0,2,1,10,0,0,0,0,0,1,0,0
0,2,0,0,385,1,2,0,1,0,2,0,26,0,0,3,1,0,0,0,1
1,4,2,3,1965,0,1,0,1,0,0,3,18,0,2,0,0,0,0,0,1
2,21,1,5,1572,3,0,0,1,0,0,0,16,1,0,1,1,0,1,0,1
1,4,1,3,2718,1,1,2,1,0,0,1,39,0,2,1,1,0,0,0,0
0,4,4,8,1358,0,0,0,0,0,2,3,34,2,0,1,2,0,0,0,0
1,0,4,3,931,4,4,3,1,0,3,1,11,2,0,1,1,0,1,0,0
0,4,1,3,1442,1,2,0,1,0,0,3,27,0,2,0,0,0,1,0,0
1,4,3,5,4241,1,1,3,0,0,0,0,16,0,0,2,1,0,0,0,0
2,12,0,3,2775,1,2,1,0,0,1,1,13,1,0,0,0,0,1,0,0
2,4,2,5,3863,1,1,3,0,0,1,2,11,0,1,1,0,0,1,0,1
1,10,1,0,2329,1,4,3,1,1,3,0,3,0,0,1,0,0,1,0,1
1,8,1,2,918,1,1,0,1,0,3,1,22,0,0,1,0,0,1,0,0
1,4,4,1,1837,1,2,0,1,0,0,2,19,1,1,1,1,0,1,0,0
2,5,1,2,3349,1,1,0,1,0,1,3,7,0,0,1,2,0,0,0,0
3,9,1,2,1275,1,4,0,1,0,1,1,27,0,0,1,0,0,1,0,1
0,4,4,2,2828,2,1,0,0,0,0,0,1,2,0,1,0,0,0,0,1
2,4,0,5,4526,1,1,2,0,0,1,0,44,0,0,1,2,0,0,0,1
1,5,1,0,2671,4,1,0,1,2,0,2,30,0,1,1,0,0,1,0,0
2,12,1,0,2051,1,4,0,0,0,3,0,24,0,0,1,0,0,1,0,1
2,7,1,4,1300,0,0,0,0,0,0,2,3,1,1,1,0,1,1,0,1
0,2,1,6,741,4,3,0,1,0,2,1,1,0,0,1,0,0,1,0,0
3,9,1,3,1240,4,0,3,1,0,0,2,14,0,1,1,1,1,1,0,0
0,21,1,0,3357,3,4,0,1,0,1,3,28,1,0,1,0,0,1,0,1
0,4,4,4,3632,1,1,3,1,1,0,3,1,1,2,1,0,0,1,1,1
2,12,2,2,1808,1,2,0,1,0,3,0,1,0,0,1,0,0,1,0,0
1,1,3,5,12204,0,1,1,0,0,1,3,14,1,0,1,2,0,0,0,1
1,11,2,0,9157,0,1,1,0,0,1,2,21,0,1,1,2,0,1,0,1
0,0,0,3,3676,1,1,3,0,0,2,0,25,0,2,2,0,1,1,0,1
1,6,1,2,3441,4,1,1,1,2,0,3,40,0,2,1,0,0,1,0,0
2,2,1,3,640,1,1,0,2,0,1,0,2,0,0,1,1,0,1,0,1
1,21,0,5,3652,1,2,1,0,0,2,1,21,0,0,0,0,0,1,0,1
2,12,0,3,1530,1,1,2,0,0,1,1,11,1,0,0,0,0,1,0,0
2,1,1,5,3914,0,1,0,2,0,1,0,41,1,0,1,0,0,1,0,0
0,2,1,2,1858,1,4,0,1,0,3,3,1,0,2,1,0,0,1,0,1
0,12,1,0,2600,1,1,0,0,0,0,2,43,0,1,0,0,0,1,0,0
2,7,1,0,1979,0,0,0,0,0,1,3,5,0,0,1,0,0,1,0,1
3,0,1,2,2116,1,1,1,0,0,1,0,33,0,0,1,0,0,0,0,1
1,8,4,3,1437,4,2,1,0,0,2,2,28,0,0,1,0,0,1,0,0
2,3,0,2,4042,2,1,0,0,0,0,0,16,0,0,0,0,0,0,0,1
2,8,1,1,3832,0,0,3,0,0,0,0,48,0,0,1,1,0,1,0,1
0,4,1,0,3660,1,1,1,1,0,0,3,7,0,0,1,0,0,1,0,1
0,12,4,2,1553,1,1,0,0,0,2,3,12,1,0,1,0,0,1,0,0
1,7,1,0,1444,0,4,0,0,0,3,1,27,0,0,1,0,0,1,0,1
2,8,1,2,1980,1,4,1,1,2,1,3,50,0,2,0,0,0,1,0,0
1,4,1,3,1355,1,4,2,1,0,0,3,8,0,0,1,1,0,0,0,0
2,2,1,1,1393,1,0,0,0,0,0,1,36,1,0,2,0,1,0,0,1
2,4,1,0,1376,2,2,0,1,0,3,3,7,0,0,1,0,0,1,0,1
2,11,2,0,15653,1,2,1,0,0,0,3,40,0,0,0,0,0,0,0,1
2,2,1,0,1493,1,4,0,1,0,2,3,19,0,0,1,0,1,1,0,1
0,3,2,0,4370,1,2,2,0,0,1,1,15,1,0,0,0,1,0,0,0
0,12,1,1,750,1,3,0,1,0,3,0,21,0,0,1,3,0,1,0,0
1,7,1,7,1308,1,0,0,0,0,0,3,41,0,0,0,1,0,1,0,1
2,7,1,1,4623,4,1,2,0,0,1,1,34,0,0,1,2,0,0,0,0
2,4,0,0,1851,1,2,0,3,1,1,3,24,0,0,0,0,0,0,0,1
0,12,0,0,1880,1,2,0,3,0,3,1,11,0,0,0,2,0,0,0,1
2,5,2,5,7980,0,4,0,0,0,0,3,21,0,2,0,0,0,0,0,0
0,6,3,2,4583,1,1,1,2,1,1,0,11,0,0,0,0,0,1,0,1
2,2,1,3,1386,2,1,1,1,0,1,1,15,0,0,1,0,0,1,0,0
3,4,1,3,947,1,2,0,0,0,2,2,41,1,1,1,0,1,1,0,0
0,2,1,1,684,1,1,0,0,0,0,3,34,0,2,1,1,1,1,0,0
0,1,1,1,7476,1,2,0,0,0,3,2,30,0,1,1,2,0,0,0,1
1,2,1,2,1922,1,1,0,0,0,1,1,25,0,0,1,1,0,1,0,0
0,4,1,3,2303,1,0,0,0,2,3,0,3,0,0,1,0,0,1,0,0
1,5,2,3,8086,4,0,1,0,0,0,3,18,0,0,3,2,0,0,0,0
2,4,0,4,2346,1,2,0,0,0,2,3,5,0,0,0,0,0,0,0,1
0,19,1,3,3973,1,3,3,0,0,0,2,1,0,1,1,0,0,1,0,1
1,2,1,3,888,1,0,0,0,0,0,3,33,1,0,1,1,1,1,0,0
2,1,1,0,10222,0,2,0,0,0,2,3,25,2,0,1,0,0,0,0,1
1,6,3,5,4221,1,1,1,1,0,3,3,7,0,0,0,0,0,1,0,1
1,12,0,2,6361,1,0,1,0,0,3,2,33,0,0,1,0,0,0,0,1
3,2,1,0,1297,1,1,2,3,0,0,0,27,0,2,1,0,0,1,0,1
0,2,1,3,900,0,1,0,3,0,1,3,27,0,0,1,0,0,1,0,0
2,21,1,2,2241,1,0,0,0,0,1,0,30,0,0,0,0,0,1,0,1
1,0,2,2,1050,1,3,0,0,0,3,1,5,2,0,0,2,0,0,0,1
3,0,0,1,1047,1,1,1,1,0,0,1,30,0,0,1,1,0,1,0,1
2,4,0,8,6314,1,3,0,0,2,1,2,21,1,0,0,2,0,0,0,1
1,6,4,2,3496,3,1,0,0,0,1,3,19,2,0,1,0,1,0,0,1
2,1,4,5,3609,1,1,3,1,0,3,0,21,2,0,1,0,0,1,0,1
0,2,0,3,4843,1,0,2,0,2,0,1,46,0,2,0,0,0,0,0,0
3,6,0,0,3017,1,0,0,0,0,0,1,36,0,0,1,0,0,1,0,1
2,4,0,5,4139,4,1,2,0,0,2,1,21,0,0,0,1,0,0,0,1
2,5,1,5,5742,4,2,1,0,0,1,3,13,0,0,0,0,0,0,0,1
2,11,1,3,10366,1,0,1,0,0,0,1,18,0,0,1,2,0,0,0,1
2,0,0,3,2080,2,1,3,3,0,1,3,9,0,0,1,0,0,1,0,1
2,21,2,5,2580,2,4,0,0,0,1,0,33,1,0,1,1,1,1,0,0
2,6,0,0,4530,1,2,0,1,0,0,3,15,0,2,1,2,0,0,0,1
2,4,0,2,5150,1,0,0,0,0,0,3,24,0,0,1,0,0,0,0,1
1,31,1,0,5595,4,1,1,3,0,1,3,9,0,0,1,0,0,1,0,0
0,4,1,0,2384,1,0,0,0,0,0,0,48,1,2,1,1,0,1,0,1
2,12,1,0,1453,1,4,2,1,0,3,0,15,0,0,1,0,0,1,0,1
2,0,1,1,1538,1,4,3,1,0,1,2,37,0,0,1,0,0,1,0,1
2,2,1,0,2279,0,1,0,0,0,0,2,25,0,1,1,0,0,0,0,1
2,7,2,0,1478,1,1,0,3,0,2,0,24,1,0,0,0,0,1,0,1
2,4,0,0,5103,1,4,2,3,0,2,2,36,0,1,2,0,0,0,0,1
1,5,2,5,9857,4,2,3,0,0,2,1,13,0,0,0,1,1,0,0,1
2,11,1,3,6527,0,1,0,0,0,0,2,19,0,1,1,0,1,0,0,1
3,9,0,0,1347,0,2,0,0,0,1,1,21,0,0,0,0,0,0,0,1
1,5,2,3,2862,4,0,0,0,0,2,2,22,0,1,1,0,0,1,0,1
2,8,1,0,2753,4,0,2,0,2,0,3,5,0,0,1,0,0,0,0,1
0,2,1,3,3651,3,1,3,0,0,2,1,13,0,0,1,0,1,1,0,1
0,7,0,2,975,1,1,1,2,0,2,1,8,0,0,0,0,0,1,0,1
1,7,1,7,2631,4,1,2,1,0,1,0,8,0,0,1,1,0,1,0,1
1,4,1,0,2896,4,4,1,0,0,3,3,28,0,0,1,0,0,1,0,1
0,0,0,3,4716,0,4,3,0,0,2,0,12,0,0,0,1,1,1,0,1
2,4,1,0,2284,1,2,0,0,0,1,3,7,0,0,1,0,0,0,0,1
2,0,1,4,1236,2,1,1,0,0,0,1,30,0,2,1,0,0,1,0,1
1,2,1,0,1103,1,2,0,0,1,2,0,28,0,0,0,0,0,1,1,1
2,2,0,3,926,1,3,3,1,0,1,1,41,0,0,1,3,0,1,0,1
2,12,0,0,1800,1,1,0,0,0,1,3,9,0,0,0,0,0,1,0,1
3,7,1,1,1905,1,0,0,0,0,0,3,34,0,2,1,2,0,0,0,1
2,2,1,2,1123,2,1,0,1,0,0,3,28,0,2,1,1,0,1,0,0
0,1,0,4,6331,1,0,0,0,0,0,2,31,0,1,0,0,0,0,0,0
3,4,1,0,1377,4,0,0,1,0,1,2,36,0,1,1,0,0,0,0,1
1,6,2,5,2503,4,0,0,0,0,1,1,33,2,0,0,0,0,1,0,1
1,15,1,5,2528,1,4,0,1,0,3,1,11,0,0,1,0,1,0,0,1
2,7,1,3,5324,2,0,3,1,0,0,2,5,0,1,1,0,0,1,0,1
1,1,1,3,6560,4,2,2,0,0,1,1,9,0,0,1,0,0,1,0,0
1,2,3,2,2969,1,4,0,1,0,2,1,8,0,2,0,0,0,1,0,0
1,8,1,0,1206,1,0,0,1,0,0,0,8,0,0,1,0,0,1,0,1
1,8,1,0,2118,1,1,1,0,0,1,0,25,0,0,1,1,1,1,0,1
2,12,0,0,629,2,0,0,0,0,2,1,11,1,0,0,2,0,0,0,1
0,0,4,1,1198,1,0,0,1,0,0,2,5,0,1,1,0,0,1,0,0
2,21,1,4,2476,0,0,0,0,0,0,0,31,0,0,1,2,0,0,0,1
0,8,0,0,1138,1,1,0,0,0,0,0,8,0,0,0,1,0,1,0,1
1,11,1,3,14027,1,2,0,0,0,1,2,21,0,0,1,2,0,0,0,0
2,6,0,4,7596,0,0,3,0,0,0,3,20,0,0,0,0,0,1,0,1
2,6,0,0,3077,0,0,2,0,0,1,3,34,0,0,0,0,1,0,0,1
2,12,1,0,1505,1,1,0,0,0,1,2,11,0,1,1,2,0,0,0,1
3,4,0,0,3148,0,1,2,0,0,1,3,13,0,0,0,0,0,0,0,1
1,18,3,4,6148,4,0,2,3,0,0,3,13,1,0,0,0,0,0,0,1
3,8,3,0,1337,1,4,0,0,0,1,3,19,0,0,0,2,0,0,0,0
1,0,4,1,433,3,4,0,1,0,1,1,9,1,2,1,0,1,1,0,0
0,2,1,3,1228,1,1,0,1,0,1,0,9,0,0,1,1,0,1,0,0
1,8,1,0,790,2,1,0,1,0,2,0,35,0,0,1,1,0,1,0,1
2,15,1,3,2570,1,1,2,1,0,2,0,40,0,2,1,0,0,1,0,0
2,0,0,3,250,3,1,1,1,0,1,0,33,1,0,0,1,0,1,0,1
2,7,0,0,1316,2,1,1,3,0,1,1,36,0,0,0,1,0,1,0,1
0,12,1,0,1882,1,1,0,1,0,0,3,8,1,2,0,0,0,1,0,0
1,1,4,5,6416,1,0,0,1,0,2,2,52,0,2,1,0,0,1,0,0
3,4,0,5,1275,3,1,1,2,0,0,0,16,0,0,0,0,0,0,0,1
1,4,2,0,6403,1,4,3,0,0,1,3,24,0,0,1,0,0,1,0,1
0,4,1,0,1987,1,1,1,0,0,0,0,40,0,2,1,1,1,1,0,0
1,16,1,0,760,1,2,0,1,1,1,0,12,0,0,1,1,0,1,0,1
2,4,1,4,2603,3,1,1,1,0,0,3,7,0,2,1,0,0,0,0,1
2,23,0,3,3380,1,2,3,1,0,3,0,25,0,0,1,0,1,1,0,1
1,5,4,6,3990,0,4,2,1,0,1,2,28,1,0,1,3,0,1,0,1
1,4,1,4,11560,1,1,3,1,0,0,3,27,0,2,0,2,0,1,0,0
0,12,1,3,4380,4,1,2,0,0,0,3,5,0,0,1,1,1,0,0,1
2,0,0,3,6761,1,2,3,0,0,2,2,3,0,0,0,2,1,0,0,1
1,6,3,5,4280,4,1,0,1,0,0,3,15,0,2,0,1,0,1,0,0
0,4,4,3,2325,4,2,1,0,0,2,3,11,1,0,1,0,0,1,0,1
1,9,4,0,1048,1,1,0,0,0,0,0,27,2,0,1,1,0,1,0,1
2,21,1,0,3160,0,0,0,0,0,2,1,33,0,0,1,0,0,0,0,1
0,4,4,2,2483,2,1,0,0,0,0,0,1,2,0,1,0,0,0,0,1
0,27,0,2,14179,0,2,0,0,0,0,1,22,0,0,0,2,0,0,0,1
0,25,0,5,1797,1,4,2,0,0,3,1,7,1,0,0,1,0,1,0,1
0,7,1,3,2511,1,3,3,1,0,0,3,27,0,2,1,0,0,1,0,1
0,2,1,3,1274,1,4,2,1,0,3,0,25,0,0,1,1,0,1,0,0
2,21,1,4,5248,0,1,3,0,0,2,3,15,0,0,1,0,0,1,0,1
2,7,1,4,3029,1,2,1,0,0,1,3,24,0,0,1,0,0,1,0,1
0,0,1,2,428,1,0,1,1,0,3,1,2,1,0,1,0,0,0,0,1
0,12,1,3,976,1,4,3,1,0,1,3,27,0,0,1,1,0,1,0,0
1,2,1,5,841,4,2,1,1,0,0,0,27,0,2,1,1,0,1,0,1
2,6,0,0,5771,1,2,0,1,0,1,3,8,0,0,0,0,0,1,0,1
2,2,2,7,1555,3,0,0,0,0,0,2,47,0,1,0,0,1,1,0,0
0,4,1,3,1285,0,2,0,1,0,0,2,11,0,2,1,0,0,1,0,0
3,0,0,3,1299,1,1,3,0,0,3,0,44,0,0,2,3,1,1,1,1
3,7,0,0,1271,0,1,2,0,0,0,2,17,0,1,0,0,0,0,0,0
2,4,1,3,1393,1,1,1,0,1,1,0,13,0,0,1,0,0,0,0,1
0,2,0,3,691,1,0,0,0,0,2,1,5,0,0,0,0,0,1,0,0
2,7,0,3,5045,0,0,3,1,0,0,3,52,0,0,1,0,0,0,0,1
0,12,0,2,2124,1,1,0,1,0,0,0,9,0,2,0,0,0,1,0,0
0,2,1,0,2214,1,1,0,0,0,2,1,9,0,0,1,1,0,1,0,1
2,21,0,3,12680,0,0,0,0,0,0,2,22,0,1,1,2,0,0,0,0
2,4,0,3,2463,4,2,0,3,0,2,1,21,0,0,0,0,0,0,0,1
1,2,1,0,1155,1,0,2,3,1,2,0,34,1,0,0,1,0,1,0,1
0,6,1,2,3108,1,4,1,2,0,0,1,13,0,0,1,1,0,1,0,0
2,9,1,4,2901,0,4,3,1,0,0,0,13,0,2,1,0,0,1,0,1
1,2,0,2,3617,1,0,3,0,0,0,3,7,0,2,2,0,0,0,0,1
2,2,0,0,1655,1,0,1,0,0,0,0,20,0,0,0,1,0,0,0,1
0,4,1,4,2812,0,0,1,1,0,0,0,15,0,2,1,0,0,1,0,1
0,5,0,1,8065,1,1,2,1,0,1,2,8,0,0,0,2,0,0,0,0
2,21,0,4,3275,1,0,3,0,0,0,3,16,0,0,1,2,0,0,0,1
2,4,0,0,2223,4,0,0,0,0,0,1,29,1,0,0,0,0,1,0,1
3,2,0,3,1480,2,3,1,0,0,0,2,35,1,1,2,3,0,1,0,1
0,4,1,3,1371,0,1,0,1,0,0,0,8,0,2,1,0,0,1,0,0
2,5,0,3,3535,1,2,0,0,0,0,3,25,0,0,0,0,0,0,0,1
0,12,1,0,3509,1,2,0,1,1,3,0,8,0,0,1,0,0,1,0,1
2,5,0,4,5711,3,0,0,0,0,1,3,41,0,0,0,2,0,0,0,1
1,12,1,7,3872,1,3,1,1,0,0,3,0,0,0,1,0,0,0,0,1
1,27,0,0,4933,1,2,1,0,1,1,0,8,0,0,0,0,0,1,0,0
2,4,0,3,1940,3,0,0,0,0,0,0,10,0,0,1,0,0,0,0,1
1,2,3,9,1410,1,1,1,0,0,1,0,13,0,0,1,1,0,0,0,1
1,2,1,3,836,4,4,0,1,0,1,1,27,1,0,1,1,0,1,0,0
1,18,1,4,6468,0,3,3,2,0,0,0,10,0,0,1,2,0,0,0,1
1,12,1,5,1941,3,1,0,0,0,1,1,5,0,0,1,1,0,0,0,1
2,26,1,0,2675,2,0,2,0,0,0,3,34,0,0,1,0,0,1,0,1
2,1,0,4,2751,0,0,0,0,0,2,3,41,0,0,0,0,1,0,0,1
1,1,2,1,6224,1,0,0,0,0,0,2,30,0,1,1,0,0,1,0,0
0,32,0,1,5998,1,1,0,0,0,2,2,21,1,0,1,0,0,0,0,0
1,21,1,5,1188,1,0,1,1,0,0,1,17,0,0,1,0,1,1,0,0
2,4,1,4,6313,0,0,2,0,0,0,3,33,0,0,1,2,1,0,0,1
2,0,0,2,1221,0,1,3,3,0,1,1,21,0,0,0,0,0,1,0,1
3,4,1,2,2892,1,0,2,2,0,0,2,32,0,1,1,0,0,1,0,1
2,4,1,2,3062,2,0,0,0,0,2,2,11,0,2,1,0,0,0,0,1
2,8,1,2,2301,4,4,1,1,0,0,1,1,0,2,1,0,0,1,0,1
0,12,1,4,7511,0,0,3,0,0,0,1,32,0,1,1,0,1,0,0,0
2,2,0,2,1258,1,4,1,1,0,0,1,1,0,2,0,1,0,1,0,1
2,4,2,3,717,0,0,0,3,0,0,3,38,0,0,0,0,0,0,0,1
1,8,1,3,1549,0,4,0,0,0,1,0,5,0,0,1,3,0,1,0,1
2,4,0,1,1597,1,0,0,0,0,0,2,38,0,1,0,0,1,1,0,1
1,12,0,0,1795,1,0,2,1,1,0,0,14,1,2,0,1,0,0,0,1
0,18,0,2,4272,1,0,3,1,0,0,1,9,0,0,0,0,0,1,0,1
2,2,0,0,976,0,0,0,0,0,0,3,5,0,0,0,0,0,1,0,1
1,2,1,3,7472,0,3,3,1,0,1,0,9,0,2,1,3,0,1,0,1
0,5,1,3,9271,1,2,1,0,0,3,3,9,0,0,1,0,0,0,0,0
1,0,1,0,590,1,4,2,3,0,2,0,15,0,0,1,1,0,1,1,1
2,2,0,0,930,0,0,0,0,0,0,0,43,0,0,3,0,0,1,0,1
1,3,4,4,9283,1,3,3,0,0,1,2,47,1,1,1,2,0,0,0,1
1,7,3,3,1778,1,4,1,1,0,3,0,15,0,2,0,3,0,1,0,0
1,16,1,5,907,1,4,2,3,0,1,0,15,0,0,1,0,0,0,0,1
1,0,1,0,484,1,2,2,3,1,2,0,7,1,0,1,1,0,1,0,1
0,5,0,4,9629,1,2,0,0,0,0,3,9,0,0,0,0,0,0,0,0
0,1,1,6,3051,1,1,2,0,0,0,3,38,0,0,1,0,0,1,0,0
0,1,1,3,3931,1,2,0,0,0,0,2,31,0,1,1,0,1,1,0,0
1,5,2,3,7432,1,1,1,1,0,1,1,38,0,2,1,0,0,1,0,1
2,0,1,6,1338,2,1,3,2,0,0,0,51,0,0,1,0,0,1,0,1
2,0,0,0,1554,1,2,3,1,0,1,3,9,0,2,0,0,0,0,0,1
0,5,1,8,15857,1,3,1,2,2,2,3,46,0,0,1,2,0,1,0,1
0,12,1,0,1345,1,1,0,3,0,2,0,15,1,0,1,0,0,1,0,0
2,2,1,3,1101,1,1,2,3,0,1,0,21,0,0,0,0,0,0,0,1
3,2,1,0,3016,1,1,2,3,0,3,3,9,0,0,1,0,0,1,0,1
0,5,1,2,2712,1,0,1,0,0,1,1,33,1,0,1,0,1,1,0,0
0,16,0,3,731,1,0,0,0,0,0,0,36,0,0,0,1,0,1,0,1
2,12,0,2,3780,1,4,2,2,0,1,3,5,0,0,0,2,0,0,0,1
0,21,0,3,1602,1,0,0,3,0,2,3,22,0,0,0,0,0,0,0,1
0,12,0,3,3966,1,0,3,1,0,0,0,24,1,2,2,0,0,0,0,0
2,12,3,5,4165,1,1,1,0,0,1,3,16,2,0,0,0,1,1,0,0
0,5,1,4,8335,0,0,2,0,0,0,2,36,0,1,1,0,0,1,0,0
1,1,2,5,6681,0,1,0,0,0,0,2,41,0,1,1,0,1,0,0,1
2,4,2,5,2375,2,1,0,0,0,1,3,12,0,0,0,0,1,0,0,1
0,12,1,3,1216,1,4,0,1,0,2,3,27,0,2,1,0,0,0,0,0
0,13,3,5,11816,1,0,1,0,0,0,3,28,0,2,0,0,0,1,0,0
1,4,1,0,5084,0,0,1,1,0,0,3,18,0,0,1,0,0,0,0,1
3,7,1,0,2327,1,4,1,1,0,2,0,8,0,0,1,1,0,1,0,0
0,2,3,3,1082,1,1,0,0,0,0,3,14,1,0,0,0,0,1,0,0
2,2,1,0,886,0,1,0,1,0,1,3,40,0,0,1,0,0,1,0,1
2,23,1,2,601,1,4,3,1,0,2,0,27,0,2,1,1,1,1,0,1
0,4,0,4,2957,1,0,0,0,0,0,1,20,0,0,0,0,0,0,0,1
2,4,0,0,2611,1,0,0,3,2,2,0,31,0,0,0,0,0,1,0,1
0,5,1,2,5179,1,2,0,0,0,1,1,28,0,0,1,0,0,1,0,0
2,21,2,4,2993,1,1,2,0,0,1,0,7,2,0,0,1,0,1,0,1
2,12,1,7,1943,1,4,0,1,0,0,0,27,0,0,1,0,0,1,0,0
2,4,4,5,1559,1,2,0,0,0,0,3,30,1,0,1,0,0,0,0,1
2,12,1,2,3422,1,0,0,0,0,0,1,36,1,0,2,0,1,0,0,1
1,21,1,2,3976,0,2,1,0,0,2,3,5,0,0,1,0,0,0,0,1
2,12,1,3,6761,0,1,1,0,0,0,3,45,0,2,0,0,0,1,0,0
2,4,1,3,1249,1,4,0,3,0,1,0,7,0,0,1,0,0,1,0,1
0,8,1,0,1364,1,2,2,0,0,0,0,52,0,0,1,0,0,1,0,1
0,2,1,0,709,1,0,0,0,0,0,0,23,2,0,1,1,0,1,0,0
0,18,0,3,2235,1,1,0,3,1,1,1,24,1,2,0,0,0,1,1,0
2,4,0,4,4042,0,2,2,0,0,0,1,46,0,0,0,0,0,0,0,1
2,7,0,0,1471,1,1,0,0,0,0,2,5,0,1,0,0,0,0,0,1
0,12,4,3,1442,1,2,0,0,0,0,2,11,0,1,0,1,1,1,0,0
2,5,2,3,10875,1,0,1,0,0,1,3,3,0,0,0,0,1,0,0,1
2,4,1,3,1474,4,4,0,3,0,2,0,24,0,0,1,0,0,0,0,1
2,9,1,9,894,0,2,0,1,0,2,1,34,0,0,1,0,0,0,0,1
2,7,0,2,3343,1,1,0,0,0,1,2,7,0,1,1,0,0,0,0,1
0,7,1,3,3959,1,1,2,1,0,1,1,28,0,0,1,0,0,0,0,0
2,8,1,3,3577,4,1,3,0,1,1,0,15,0,2,1,0,1,1,1,1
2,4,0,4,5804,3,1,0,0,0,1,0,21,0,0,0,0,0,1,0,1
2,12,2,5,2169,1,1,0,3,0,1,3,7,0,0,1,0,0,0,0,0
0,4,1,0,2439,1,4,0,1,0,0,0,5,0,0,1,0,0,0,0,0
2,15,0,2,4526,3,4,0,0,0,1,0,11,2,0,0,1,1,0,0,1
2,9,1,2,2210,1,1,1,0,0,1,0,8,1,2,1,1,0,1,0,0
2,7,1,2,2221,2,1,1,1,0,0,3,39,0,2,1,0,0,1,0,1
0,12,1,0,2389,1,4,0,1,0,3,3,21,2,0,1,0,0,1,0,1
2,2,0,2,3331,1,0,1,0,0,0,1,18,2,0,1,0,0,1,0,1
2,5,1,5,7409,0,0,2,0,0,1,1,25,0,0,0,0,0,1,0,1
0,2,1,2,652,1,0,0,1,0,0,1,9,0,2,1,0,0,1,0,1
2,5,2,2,7678,2,2,1,1,0,0,3,34,0,0,0,0,0,0,0,1
3,0,0,3,1343,1,0,3,0,0,0,0,31,0,0,0,0,1,1,1,1
0,4,0,5,1382,4,2,0,0,0,3,0,15,0,0,0,0,0,0,0,1
2,7,1,6,874,0,4,0,1,0,3,0,9,0,0,1,0,0,1,0,1
0,2,1,2,3590,1,1,1,0,2,1,1,28,0,0,1,1,1,1,0,1
1,14,0,3,1322,3,1,0,1,0,0,3,34,0,0,0,0,0,1,0,1
0,12,4,0,1940,1,4,2,0,2,0,2,16,1,1,1,2,0,0,0,1
2,5,1,0,3595,1,0,0,0,0,1,3,7,0,0,1,0,0,1,0,1
0,8,1,3,1422,1,4,2,0,0,1,2,21,0,1,1,2,0,0,0,0
2,6,0,0,6742,0,2,1,0,0,2,1,16,0,0,0,0,0,1,0,1
2,4,1,4,7814,1,2,2,0,0,2,3,41,0,0,1,2,0,0,0,1
2,4,1,4,9277,0,1,1,2,0,0,2,14,0,1,1,0,0,0,0,1
1,6,0,3,2181,0,0,0,0,0,0,0,16,0,0,0,0,0,1,0,1
2,12,0,0,1098,1,3,0,1,0,0,3,43,0,0,0,3,0,1,0,1
1,4,1,2,4057,1,2,2,2,0,2,3,46,0,0,1,0,0,0,0,0
0,2,1,1,795,1,4,0,1,0,0,1,4,0,0,1,0,0,1,0,0
1,4,0,5,2825,0,2,0,0,0,2,2,19,0,0,0,0,1,0,0,1
1,1,1,5,15672,1,1,1,0,0,1,3,27,0,0,1,0,0,0,0,0
2,5,0,3,6614,1,0,0,0,0,0,3,19,0,0,0,2,0,0,0,1
2,28,4,4,7824,0,4,2,0,1,0,0,34,1,2,0,0,1,0,0,1
0,15,0,5,2442,1,0,0,0,0,0,3,46,2,0,3,2,1,0,0,1
2,7,0,0,1829,1,0,0,0,0,0,3,31,0,0,0,0,0,0,0,1
0,2,0,3,2171,1,1,0,0,0,0,1,41,1,0,0,1,0,1,1,1
1,5,0,4,5800,1,1,2,0,0,0,3,19,0,0,0,0,0,0,0,1
2,12,0,0,1169,0,1,0,0,0,2,1,28,0,0,0,0,0,0,0,1
2,5,2,4,8947,0,2,2,0,0,1,3,13,2,0,1,2,1,0,0,1
0,21,1,0,2606,1,4,0,1,0,0,1,7,0,2,1,2,0,0,0,1
2,2,0,2,1592,3,2,2,1,0,1,1,5,0,0,1,0,0,1,1,1
2,7,1,2,2186,0,2,3,1,0,0,0,24,1,2,1,1,0,1,0,1
0,12,1,2,4153,1,1,1,0,2,2,3,18,0,0,1,0,0,1,0,0
0,22,0,3,2625,1,0,1,0,1,0,1,46,1,2,1,0,0,0,0,0
2,18,0,3,3485,0,4,1,2,0,0,0,12,0,0,0,0,0,0,0,1
2,5,0,4,10477,0,0,1,0,0,0,2,18,0,1,0,0,0,1,0,1
2,7,1,0,1386,0,1,0,3,0,1,0,34,0,2,1,0,0,0,0,1
2,4,1,0,1278,1,0,0,0,0,3,0,16,0,0,1,2,0,0,0,1
0,2,1,0,1107,1,1,1,0,0,1,0,39,0,2,1,2,1,0,0,1
0,21,1,3,3763,0,2,1,0,2,1,0,9,0,0,1,1,0,1,1,1
1,5,1,1,3711,0,1,1,3,0,1,3,21,0,0,1,0,0,1,0,1
2,7,2,4,3594,1,4,3,1,0,1,1,31,0,0,0,1,0,1,0,1
1,8,1,3,3195,0,1,3,1,0,1,0,24,0,0,1,1,0,1,0,1
2,5,2,0,4454,1,1,0,1,0,0,0,19,0,0,0,0,0,1,0,1
1,4,0,2,4736,1,4,1,1,0,0,3,8,1,0,1,1,0,1,0,0
1,6,1,0,2991,0,0,1,1,0,0,3,8,0,0,1,0,0,1,0,1
2,14,1,5,2142,3,0,3,2,0,1,0,7,0,0,1,0,0,0,0,1
0,4,4,5,3161,1,1,0,0,0,1,1,13,0,2,1,0,0,0,0,0
1,1,3,8,18424,1,1,3,1,0,1,1,11,1,0,1,2,0,0,1,0
2,9,1,4,2848,4,1,3,0,2,1,0,11,0,0,1,0,1,1,0,1
0,0,1,3,14896,1,0,3,0,0,0,2,45,1,0,1,2,0,0,0,0
0,4,1,2,2359,4,3,3,2,0,3,1,24,0,0,1,0,0,1,0,0
0,4,1,2,3345,1,0,0,0,0,1,1,17,0,2,1,2,0,0,0,0
2,12,0,2,1817,1,1,0,1,0,1,2,7,0,0,0,0,0,1,0,1
2,1,2,0,12749,2,2,0,0,0,3,3,25,0,0,1,2,0,0,0,1
0,8,1,0,1366,1,4,2,1,0,0,1,1,0,2,1,0,0,1,0,0
1,2,1,3,2002,1,2,2,0,0,0,1,22,0,2,1,0,1,0,0,1
0,4,4,2,6872,1,4,1,2,0,3,1,47,1,0,1,0,0,0,0,0
0,2,4,3,697,1,4,0,0,0,1,3,31,1,0,0,0,0,0,0,0
0,12,0,2,1049,1,4,0,1,0,0,1,40,0,2,1,0,0,1,0,1
0,1,1,4,10297,1,2,0,0,0,0,2,17,2,1,2,0,1,0,0,0
2,6,1,0,1867,0,0,0,0,0,0,3,26,0,0,1,0,0,0,0,1
0,2,2,3,1344,1,1,0,0,0,1,0,46,0,0,0,1,1,1,0,1
0,4,1,2,1747,1,4,0,0,2,3,1,9,0,0,1,1,0,1,1,1
1,8,1,0,1670,1,4,0,1,0,1,3,1,0,0,1,0,0,0,0,0
2,8,0,3,1224,1,1,2,0,0,3,0,22,0,0,0,0,0,1,0,1
2,2,0,0,522,2,0,0,0,0,0,1,18,0,0,0,0,1,0,0,1
0,2,1,0,1498,1,1,0,1,0,3,3,27,1,0,1,0,0,1,0,1
1,6,2,0,1919,4,4,0,0,0,2,2,22,2,0,0,2,0,1,0,0
3,8,1,0,745,1,1,2,1,0,1,0,7,0,0,1,1,0,1,0,0
1,0,1,0,2063,1,4,0,3,0,2,3,22,0,2,1,2,0,0,0,1
1,11,1,1,6288,1,1,0,0,0,0,2,18,0,1,1,0,0,1,0,0
2,4,0,4,6842,0,1,1,0,0,0,1,31,0,0,0,2,1,0,0,1
2,2,1,3,3527,0,4,1,0,0,2,1,3,0,0,1,2,1,0,0,1
2,9,1,3,1546,1,1,2,0,0,1,0,13,0,0,1,1,1,1,1,1
2,4,1,2,929,0,2,0,0,0,1,3,13,2,0,1,0,0,0,0,1
2,23,0,3,1455,1,2,1,0,0,3,0,18,0,0,2,1,1,1,0,1
0,7,1,2,1845,1,4,0,1,1,3,1,31,0,2,1,0,0,1,0,1
1,1,3,3,8358,2,4,3,1,0,3,3,22,0,0,0,0,0,1,0,1
0,4,4,2,3349,2,4,0,0,0,0,2,22,0,1,1,0,1,0,0,0
2,2,1,3,2859,0,3,0,0,0,0,2,41,0,0,1,2,0,0,0,1
2,12,1,2,1533,1,4,0,3,2,3,1,46,0,0,1,1,1,1,0,0
2,4,1,0,3621,4,0,1,0,0,0,3,13,0,0,0,0,0,1,0,0
1,12,0,5,3590,1,3,2,3,0,2,3,34,0,0,2,3,1,0,0,1
0,5,2,5,2145,1,2,1,0,0,3,3,9,0,0,0,0,0,0,0,0
1,4,1,4,4113,2,4,2,1,0,0,3,7,0,2,1,0,0,1,0,0
2,5,1,2,10974,1,3,0,1,0,1,3,15,0,0,0,2,0,0,0,0
0,2,1,3,1893,1,1,0,1,1,0,1,28,0,0,1,0,0,0,0,1
0,4,0,0,1231,3,0,0,1,0,0,1,23,0,2,0,2,0,0,0,1
3,6,0,0,3656,0,0,0,0,0,0,1,2,2,0,0,1,0,1,0,1
1,8,0,0,1154,1,0,1,0,0,0,0,25,0,0,2,1,0,1,0,1
0,28,1,3,4006,1,1,2,0,0,1,3,3,0,0,1,1,0,1,0,0
1,4,1,2,3069,4,0,0,0,0,0,2,22,0,1,1,0,0,1,0,1
2,0,0,0,1740,1,0,1,3,0,1,0,22,0,2,0,0,0,1,0,1
1,21,2,3,2353,1,1,3,2,0,0,1,36,0,0,0,0,0,1,0,1
2,7,1,3,3556,0,1,2,0,0,1,2,28,0,0,1,0,0,1,0,1
2,4,1,0,2397,2,0,2,0,0,1,3,5,1,0,0,0,0,0,0,0
1,0,1,7,454,1,4,2,3,0,3,1,1,0,0,1,1,0,1,0,1
1,6,1,0,1715,0,1,0,1,0,3,3,15,0,0,1,0,0,1,0,1
1,15,0,0,2520,2,1,0,0,0,1,1,27,0,0,0,1,0,1,0,0
2,7,1,0,3568,1,0,0,1,0,1,3,38,1,2,1,2,0,0,0,1
2,3,1,0,7166,0,2,1,3,0,0,1,28,0,2,1,0,0,0,0,1
0,14,0,3,3939,1,1,3,0,0,1,0,34,0,0,0,1,1,1,0,1
1,7,1,7,1514,4,1,0,0,1,1,0,1,0,0,1,0,0,1,0,1
2,4,1,3,7393,1,1,3,0,0,0,1,46,0,0,1,1,1,1,0,1
0,4,4,3,1193,1,3,3,1,2,0,2,28,0,2,0,3,0,1,0,0
0,11,1,5,7297,1,0,0,0,2,0,2,16,0,2,1,0,0,1,0,0
2,6,0,0,2831,1,1,0,1,0,1,3,24,0,0,1,0,0,0,0,1
3,4,1,0,1258,2,1,2,1,0,2,3,23,0,0,1,1,0,1,0,1
1,0,1,0,753,1,1,1,1,1,2,0,48,0,0,1,0,0,1,0,1
1,12,2,5,2427,0,0,0,0,0,1,1,18,0,0,0,0,0,1,0,1
2,4,2,3,2538,1,0,0,0,0,0,3,36,0,0,0,1,1,1,0,0
1,7,4,3,1264,4,1,1,3,0,1,1,8,0,2,1,0,0,1,0,0
1,6,0,2,8386,1,2,1,0,0,1,1,2,0,0,1,0,0,1,0,0
2,1,1,5,4844,1,3,2,0,0,1,3,24,1,2,1,2,0,0,0,0
3,21,1,3,2923,4,1,3,1,0,3,3,7,1,0,1,2,0,0,0,1
0,5,1,4,8229,1,1,1,0,0,1,1,15,0,0,1,0,1,1,0,0
2,4,0,2,2028,1,2,1,0,0,1,1,22,0,0,0,1,0,1,0,1
0,7,0,2,1433,1,1,0,1,0,2,1,8,0,2,0,0,0,1,0,1
3,3,3,5,6289,1,4,1,2,0,3,1,24,0,0,0,0,0,1,0,1
2,25,1,0,1409,4,3,1,1,0,0,0,48,0,0,1,0,0,1,0,1
0,4,1,4,6579,1,3,0,0,0,1,2,28,0,1,1,2,0,0,0,1
1,4,0,0,1743,1,0,0,0,0,1,1,14,0,0,0,1,0,1,0,1
2,2,0,1,3565,0,4,1,0,0,3,1,25,0,0,0,1,1,1,0,1
2,7,4,0,1569,4,0,0,0,0,0,3,19,1,0,1,1,1,1,0,1
0,12,1,0,1936,0,2,1,3,0,0,3,27,0,2,0,1,0,1,0,1
0,5,1,2,3959,1,3,0,0,0,2,1,22,0,0,1,2,0,0,0,1
2,2,1,3,2390,0,0,0,0,0,2,3,30,0,0,1,0,0,0,0,1
2,2,1,2,1736,1,2,2,1,0,0,0,13,0,0,1,1,0,1,0,1
0,6,1,4,3857,1,1,0,2,0,0,1,34,0,0,1,2,0,0,0,1
2,2,1,0,804,1,0,0,0,0,0,3,41,0,0,1,0,0,1,0,1
0,13,1,0,1845,1,1,0,0,0,0,2,27,0,1,1,0,0,0,0,0
1,13,0,4,4576,4,3,2,0,0,0,3,21,0,0,1,0,0,1,0,1
