train-auc,valid-auc,time_this_iter_s,should_checkpoint,done,training_iteration,trial_id,date,timestamp,time_total_s,pid,hostname,node_ip,time_since_restore,iterations_since_restore
0.739674140622026,0.7287834448160535,2.8244035243988037,True,False,1,bd76d_00000,2023-09-21_14-11-49,1695276709,2.8244035243988037,12218,YLMF-2022VFCVIH,172.17.72.203,2.8244035243988037,1
0.7429289276333321,0.7385033444816054,0.0477755069732666,True,False,2,bd76d_00000,2023-09-21_14-11-49,1695276709,2.8721790313720703,12218,YLMF-2022VFCVIH,172.17.72.203,2.8721790313720703,2
0.7449084472191556,0.7408026755852842,0.05842947959899902,True,False,3,bd76d_00000,2023-09-21_14-11-50,1695276710,2.9306085109710693,12218,YLMF-2022VFCVIH,172.17.72.203,2.9306085109710693,3
0.7583463397921505,0.737876254180602,0.05676984786987305,True,False,4,bd76d_00000,2023-09-21_14-11-50,1695276710,2.9873783588409424,12218,YLMF-2022VFCVIH,172.17.72.203,2.9873783588409424,4
0.7650843199208193,0.750940635451505,0.05032753944396973,True,False,5,bd76d_00000,2023-09-21_14-11-50,1695276710,3.037705898284912,12218,YLMF-2022VFCVIH,172.17.72.203,3.037705898284912,5
0.763219003388024,0.7494774247491639,0.04887890815734863,True,False,6,bd76d_00000,2023-09-21_14-11-50,1695276710,3.0865848064422607,12218,YLMF-2022VFCVIH,172.17.72.203,3.0865848064422607,6
0.7688530206707526,0.7554347826086957,0.05063796043395996,True,False,7,bd76d_00000,2023-09-21_14-11-50,1695276710,3.1372227668762207,12218,YLMF-2022VFCVIH,172.17.72.203,3.1372227668762207,7
0.7814914918725494,0.7480142140468228,0.056284189224243164,True,False,8,bd76d_00000,2023-09-21_14-11-50,1695276710,3.193506956100464,12218,YLMF-2022VFCVIH,172.17.72.203,3.193506956100464,8
0.7858883094141383,0.7488503344481605,0.05223488807678223,True,False,9,bd76d_00000,2023-09-21_14-11-50,1695276710,3.245741844177246,12218,YLMF-2022VFCVIH,172.17.72.203,3.245741844177246,9
0.7946629106551448,0.7494774247491639,0.050356149673461914,True,False,10,bd76d_00000,2023-09-21_14-11-50,1695276710,3.296097993850708,12218,YLMF-2022VFCVIH,172.17.72.203,3.296097993850708,10
0.7953481289733145,0.7606605351170569,0.05209755897521973,True,False,11,bd76d_00000,2023-09-21_14-11-50,1695276710,3.3481955528259277,12218,YLMF-2022VFCVIH,172.17.72.203,3.3481955528259277,11
0.7958049411854277,0.7683946488294314,0.04823565483093262,True,False,12,bd76d_00000,2023-09-21_14-11-50,1695276710,3.3964312076568604,12218,YLMF-2022VFCVIH,172.17.72.203,3.3964312076568604,12
0.7955384673950283,0.772366220735786,0.05071687698364258,True,False,13,bd76d_00000,2023-09-21_14-11-50,1695276710,3.447148084640503,12218,YLMF-2022VFCVIH,172.17.72.203,3.447148084640503,13
0.7958430088697704,0.7717391304347826,0.049771785736083984,True,False,14,bd76d_00000,2023-09-21_14-11-50,1695276710,3.496919870376587,12218,YLMF-2022VFCVIH,172.17.72.203,3.496919870376587,14
0.7969660055578819,0.7698578595317725,0.05079460144042969,True,False,15,bd76d_00000,2023-09-21_14-11-50,1695276710,3.5477144718170166,12218,YLMF-2022VFCVIH,172.17.72.203,3.5477144718170166,15
0.8042369332673494,0.7670359531772575,0.05086708068847656,True,False,16,bd76d_00000,2023-09-21_14-11-50,1695276710,3.598581552505493,12218,YLMF-2022VFCVIH,172.17.72.203,3.598581552505493,16
0.8075488218051696,0.7670359531772575,0.051577091217041016,True,False,17,bd76d_00000,2023-09-21_14-11-50,1695276710,3.650158643722534,12218,YLMF-2022VFCVIH,172.17.72.203,3.650158643722534,17
0.80907152917888,0.7672449832775919,0.04859638214111328,True,False,18,bd76d_00000,2023-09-21_14-11-50,1695276710,3.6987550258636475,12218,YLMF-2022VFCVIH,172.17.72.203,3.6987550258636475,18
0.815771441623206,0.7693352842809364,0.051755666732788086,True,False,19,bd76d_00000,2023-09-21_14-11-50,1695276710,3.7505106925964355,12218,YLMF-2022VFCVIH,172.17.72.203,3.7505106925964355,19
0.8213483573794206,0.7718436454849499,0.04986000061035156,True,False,20,bd76d_00000,2023-09-21_14-11-50,1695276710,3.800370693206787,12218,YLMF-2022VFCVIH,172.17.72.203,3.800370693206787,20
0.8237846891773574,0.7698578595317725,0.05556011199951172,True,False,21,bd76d_00000,2023-09-21_14-11-50,1695276710,3.855930805206299,12218,YLMF-2022VFCVIH,172.17.72.203,3.855930805206299,21
0.8291712665118581,0.7744565217391305,0.05337214469909668,True,False,22,bd76d_00000,2023-09-21_14-11-51,1695276711,3.9093029499053955,12218,YLMF-2022VFCVIH,172.17.72.203,3.9093029499053955,22
0.8321976474171077,0.7759197324414716,0.052095651626586914,True,False,23,bd76d_00000,2023-09-21_14-11-51,1695276711,3.9613986015319824,12218,YLMF-2022VFCVIH,172.17.72.203,3.9613986015319824,23
0.8344436407933306,0.7759197324414716,0.05474448204040527,True,False,24,bd76d_00000,2023-09-21_14-11-51,1695276711,4.016143083572388,12218,YLMF-2022VFCVIH,172.17.72.203,4.016143083572388,24
0.8364231603791541,0.7761287625418061,0.05130290985107422,True,False,25,bd76d_00000,2023-09-21_14-11-51,1695276711,4.067445993423462,12218,YLMF-2022VFCVIH,172.17.72.203,4.067445993423462,25
0.8376032585937797,0.7767558528428093,0.05352020263671875,True,False,26,bd76d_00000,2023-09-21_14-11-51,1695276711,4.120966196060181,12218,YLMF-2022VFCVIH,172.17.72.203,4.120966196060181,26
0.8358902127983555,0.7734113712374582,0.05233907699584961,True,False,27,bd76d_00000,2023-09-21_14-11-51,1695276711,4.17330527305603,12218,YLMF-2022VFCVIH,172.17.72.203,4.17330527305603,27
0.8370703110129811,0.7748745819397993,0.0512232780456543,True,False,28,bd76d_00000,2023-09-21_14-11-51,1695276711,4.224528551101685,12218,YLMF-2022VFCVIH,172.17.72.203,4.224528551101685,28
0.8394305074422322,0.7750836120401338,0.05487513542175293,True,False,29,bd76d_00000,2023-09-21_14-11-51,1695276711,4.2794036865234375,12218,YLMF-2022VFCVIH,172.17.72.203,4.2794036865234375,29
0.8409912825002855,0.7757107023411371,0.05273771286010742,True,False,30,bd76d_00000,2023-09-21_14-11-51,1695276711,4.332141399383545,12218,YLMF-2022VFCVIH,172.17.72.203,4.332141399383545,30
0.8427804636643953,0.7784280936454849,0.052042245864868164,True,False,31,bd76d_00000,2023-09-21_14-11-51,1695276711,4.384183645248413,12218,YLMF-2022VFCVIH,172.17.72.203,4.384183645248413,31
0.8440366972477065,0.7775919732441472,0.05347394943237305,True,False,32,bd76d_00000,2023-09-21_14-11-51,1695276711,4.437657594680786,12218,YLMF-2022VFCVIH,172.17.72.203,4.437657594680786,32
0.8449503216719327,0.7790551839464883,0.05115628242492676,True,False,33,bd76d_00000,2023-09-21_14-11-51,1695276711,4.488813877105713,12218,YLMF-2022VFCVIH,172.17.72.203,4.488813877105713,33
0.8480718717880391,0.7775919732441472,0.053261756896972656,True,False,34,bd76d_00000,2023-09-21_14-11-51,1695276711,4.5420756340026855,12218,YLMF-2022VFCVIH,172.17.72.203,4.5420756340026855,34
0.8493661730556931,0.7746655518394648,0.05090069770812988,True,False,35,bd76d_00000,2023-09-21_14-11-51,1695276711,4.592976331710815,12218,YLMF-2022VFCVIH,172.17.72.203,4.592976331710815,35
0.851269557272831,0.7721571906354515,0.053372859954833984,True,False,36,bd76d_00000,2023-09-21_14-11-51,1695276711,4.646349191665649,12218,YLMF-2022VFCVIH,172.17.72.203,4.646349191665649,36
0.852716129277856,0.7736204013377926,0.05444693565368652,True,False,37,bd76d_00000,2023-09-21_14-11-51,1695276711,4.700796127319336,12218,YLMF-2022VFCVIH,172.17.72.203,4.700796127319336,37
0.8533252122273403,0.7750836120401338,0.0541229248046875,True,False,38,bd76d_00000,2023-09-21_14-11-51,1695276711,4.754919052124023,12218,YLMF-2022VFCVIH,172.17.72.203,4.754919052124023,38
0.8531729414899691,0.7746655518394648,0.052362680435180664,True,False,39,bd76d_00000,2023-09-21_14-11-51,1695276711,4.807281732559204,12218,YLMF-2022VFCVIH,172.17.72.203,4.807281732559204,39
0.8553047318131638,0.7755016722408027,0.05500435829162598,True,False,40,bd76d_00000,2023-09-21_14-11-51,1695276711,4.86228609085083,12218,YLMF-2022VFCVIH,172.17.72.203,4.86228609085083,40
0.8569035745555598,0.7763377926421404,0.04972505569458008,True,False,41,bd76d_00000,2023-09-21_14-11-52,1695276712,4.91201114654541,12218,YLMF-2022VFCVIH,172.17.72.203,4.91201114654541,41
0.8573223190833301,0.7771739130434783,0.052680015563964844,True,False,42,bd76d_00000,2023-09-21_14-11-52,1695276712,4.964691162109375,12218,YLMF-2022VFCVIH,172.17.72.203,4.964691162109375,42
0.8594921770908676,0.7761287625418061,0.055278778076171875,True,False,43,bd76d_00000,2023-09-21_14-11-52,1695276712,5.019969940185547,12218,YLMF-2022VFCVIH,172.17.72.203,5.019969940185547,43
0.8615478320453767,0.7755016722408027,0.054154396057128906,True,False,44,bd76d_00000,2023-09-21_14-11-52,1695276712,5.074124336242676,12218,YLMF-2022VFCVIH,172.17.72.203,5.074124336242676,44
0.8628802009973733,0.7727842809364549,0.05048489570617676,True,False,45,bd76d_00000,2023-09-21_14-11-52,1695276712,5.1246092319488525,12218,YLMF-2022VFCVIH,172.17.72.203,5.1246092319488525,45
0.8663062925882219,0.7757107023411371,0.05204510688781738,True,False,46,bd76d_00000,2023-09-21_14-11-52,1695276712,5.17665433883667,12218,YLMF-2022VFCVIH,172.17.72.203,5.17665433883667,46
0.8684380829114166,0.7750836120401338,0.051009178161621094,True,False,47,bd76d_00000,2023-09-21_14-11-52,1695276712,5.227663516998291,12218,YLMF-2022VFCVIH,172.17.72.203,5.227663516998291,47
0.8701891963911835,0.7773829431438127,0.0534207820892334,True,False,48,bd76d_00000,2023-09-21_14-11-52,1695276712,5.281084299087524,12218,YLMF-2022VFCVIH,172.17.72.203,5.281084299087524,48
0.8718261068179223,0.7765468227424749,0.05043148994445801,True,False,49,bd76d_00000,2023-09-21_14-11-52,1695276712,5.331515789031982,12218,YLMF-2022VFCVIH,172.17.72.203,5.331515789031982,49
0.8729681373482051,0.7769648829431438,0.053322553634643555,True,False,50,bd76d_00000,2023-09-21_14-11-52,1695276712,5.384838342666626,12218,YLMF-2022VFCVIH,172.17.72.203,5.384838342666626,50
0.873463017244661,0.7794732441471572,0.05185198783874512,True,False,51,bd76d_00000,2023-09-21_14-11-52,1695276712,5.436690330505371,12218,YLMF-2022VFCVIH,172.17.72.203,5.436690330505371,51
0.8730823404012334,0.7786371237458194,0.0538020133972168,True,False,52,bd76d_00000,2023-09-21_14-11-52,1695276712,5.490492343902588,12218,YLMF-2022VFCVIH,172.17.72.203,5.490492343902588,52
0.8730823404012334,0.7771739130434783,0.05439901351928711,True,False,53,bd76d_00000,2023-09-21_14-11-52,1695276712,5.544891357421875,12218,YLMF-2022VFCVIH,172.17.72.203,5.544891357421875,53
0.8724351897674064,0.7773829431438127,0.054068565368652344,True,False,54,bd76d_00000,2023-09-21_14-11-52,1695276712,5.598959922790527,12218,YLMF-2022VFCVIH,172.17.72.203,5.598959922790527,54
0.8728158666108341,0.7819816053511706,0.053494930267333984,True,False,55,bd76d_00000,2023-09-21_14-11-52,1695276712,5.652454853057861,12218,YLMF-2022VFCVIH,172.17.72.203,5.652454853057861,55
0.8724732574517492,0.7840719063545151,0.05256509780883789,True,False,56,bd76d_00000,2023-09-21_14-11-52,1695276712,5.705019950866699,12218,YLMF-2022VFCVIH,172.17.72.203,5.705019950866699,56
0.8715215653431801,0.7865802675585284,0.052436113357543945,True,False,57,bd76d_00000,2023-09-21_14-11-52,1695276712,5.757456064224243,12218,YLMF-2022VFCVIH,172.17.72.203,5.757456064224243,57
0.8727777989264913,0.7876254180602007,0.05069780349731445,True,False,58,bd76d_00000,2023-09-21_14-11-52,1695276712,5.808153867721558,12218,YLMF-2022VFCVIH,172.17.72.203,5.808153867721558,58
0.8738056264037458,0.7874163879598662,0.0530242919921875,True,False,59,bd76d_00000,2023-09-21_14-11-52,1695276712,5.861178159713745,12218,YLMF-2022VFCVIH,172.17.72.203,5.861178159713745,59
0.8749857246183714,0.7872073578595318,0.05334830284118652,True,False,60,bd76d_00000,2023-09-21_14-11-53,1695276713,5.914526462554932,12218,YLMF-2022VFCVIH,172.17.72.203,5.914526462554932,60
0.8759374167269405,0.7890886287625418,0.05272555351257324,True,False,61,bd76d_00000,2023-09-21_14-11-53,1695276713,5.967252016067505,12218,YLMF-2022VFCVIH,172.17.72.203,5.967252016067505,61
0.8784498838935627,0.7913879598662207,0.050962209701538086,True,False,62,bd76d_00000,2023-09-21_14-11-53,1695276713,6.018214225769043,12218,YLMF-2022VFCVIH,172.17.72.203,6.018214225769043,62
0.8797061174768739,0.7926421404682275,0.05422043800354004,True,False,63,bd76d_00000,2023-09-21_14-11-53,1695276713,6.072434663772583,12218,YLMF-2022VFCVIH,172.17.72.203,6.072434663772583,63
0.8819901785374396,0.7907608695652174,0.053061723709106445,True,False,64,bd76d_00000,2023-09-21_14-11-53,1695276713,6.1254963874816895,12218,YLMF-2022VFCVIH,172.17.72.203,6.1254963874816895,64
0.8837412920172066,0.792433110367893,0.050040483474731445,True,False,65,bd76d_00000,2023-09-21_14-11-53,1695276713,6.175536870956421,12218,YLMF-2022VFCVIH,172.17.72.203,6.175536870956421,65
0.8855685408656592,0.7892976588628763,0.05089616775512695,True,False,66,bd76d_00000,2023-09-21_14-11-53,1695276713,6.226433038711548,12218,YLMF-2022VFCVIH,172.17.72.203,6.226433038711548,66
0.8879668049792531,0.7890886287625418,0.05256223678588867,True,False,67,bd76d_00000,2023-09-21_14-11-53,1695276713,6.2789952754974365,12218,YLMF-2022VFCVIH,172.17.72.203,6.2789952754974365,67
0.8891088355095359,0.7890886287625418,0.05480027198791504,True,False,68,bd76d_00000,2023-09-21_14-11-53,1695276713,6.333795547485352,12218,YLMF-2022VFCVIH,172.17.72.203,6.333795547485352,68
0.8904792721458754,0.788252508361204,0.05085325241088867,True,False,69,bd76d_00000,2023-09-21_14-11-53,1695276713,6.38464879989624,12218,YLMF-2022VFCVIH,172.17.72.203,6.38464879989624,69
0.891811641097872,0.7876254180602007,0.05072593688964844,True,False,70,bd76d_00000,2023-09-21_14-11-53,1695276713,6.435374736785889,12218,YLMF-2022VFCVIH,172.17.72.203,6.435374736785889,70
0.8936388899463246,0.7897157190635451,0.055327653884887695,True,False,71,bd76d_00000,2023-09-21_14-11-53,1695276713,6.490702390670776,12218,YLMF-2022VFCVIH,172.17.72.203,6.490702390670776,71
0.894857055845293,0.7886705685618729,0.05159401893615723,True,False,72,bd76d_00000,2023-09-21_14-11-53,1695276713,6.542296409606934,12218,YLMF-2022VFCVIH,172.17.72.203,6.542296409606934,72
0.8956184095321481,0.7851170568561873,0.05230307579040527,True,False,73,bd76d_00000,2023-09-21_14-11-53,1695276713,6.594599485397339,12218,YLMF-2022VFCVIH,172.17.72.203,6.594599485397339,73
0.8957706802695192,0.782190635451505,0.05560421943664551,True,False,74,bd76d_00000,2023-09-21_14-11-53,1695276713,6.650203704833984,12218,YLMF-2022VFCVIH,172.17.72.203,6.650203704833984,74
0.8965320339563745,0.7819816053511706,0.05556964874267578,True,False,75,bd76d_00000,2023-09-21_14-11-53,1695276713,6.70577335357666,12218,YLMF-2022VFCVIH,172.17.72.203,6.70577335357666,75
0.8976359968023145,0.7819816053511706,0.05401754379272461,True,False,76,bd76d_00000,2023-09-21_14-11-53,1695276713,6.759790897369385,12218,YLMF-2022VFCVIH,172.17.72.203,6.759790897369385,76
0.8993109749133961,0.7815635451505016,0.057860612869262695,True,False,77,bd76d_00000,2023-09-21_14-11-53,1695276713,6.8176515102386475,12218,YLMF-2022VFCVIH,172.17.72.203,6.8176515102386475,77
0.9003007347063078,0.7819816053511706,0.0588228702545166,True,False,78,bd76d_00000,2023-09-21_14-11-53,1695276713,6.876474380493164,12218,YLMF-2022VFCVIH,172.17.72.203,6.876474380493164,78
0.9005291408123643,0.7830267558528428,0.05579686164855957,True,False,79,bd76d_00000,2023-09-21_14-11-54,1695276714,6.932271242141724,12218,YLMF-2022VFCVIH,172.17.72.203,6.932271242141724,79
0.9014808329209334,0.7836538461538461,0.056513309478759766,True,False,80,bd76d_00000,2023-09-21_14-11-54,1695276714,6.988784551620483,12218,YLMF-2022VFCVIH,172.17.72.203,6.988784551620483,80
0.9015189006052762,0.7832357859531772,0.05278420448303223,True,False,81,bd76d_00000,2023-09-21_14-11-54,1695276714,7.041568756103516,12218,YLMF-2022VFCVIH,172.17.72.203,7.041568756103516,81
0.9025847957668734,0.7828177257525084,0.05019259452819824,True,False,82,bd76d_00000,2023-09-21_14-11-54,1695276714,7.091761350631714,12218,YLMF-2022VFCVIH,172.17.72.203,7.091761350631714,82
0.9025847957668734,0.7815635451505016,0.05517148971557617,True,False,83,bd76d_00000,2023-09-21_14-11-54,1695276714,7.14693284034729,12218,YLMF-2022VFCVIH,172.17.72.203,7.14693284034729,83
0.9033461494537287,0.7805183946488294,0.05237841606140137,True,False,84,bd76d_00000,2023-09-21_14-11-54,1695276714,7.199311256408691,12218,YLMF-2022VFCVIH,172.17.72.203,7.199311256408691,84
0.9041455708249267,0.7813545150501672,0.05354952812194824,True,False,85,bd76d_00000,2023-09-21_14-11-54,1695276714,7.25286078453064,12218,YLMF-2022VFCVIH,172.17.72.203,7.25286078453064,85
0.9045643153526971,0.7828177257525084,0.05207228660583496,True,False,86,bd76d_00000,2023-09-21_14-11-54,1695276714,7.304933071136475,12218,YLMF-2022VFCVIH,172.17.72.203,7.304933071136475,86
0.9064296318854924,0.782608695652174,0.0513758659362793,True,False,87,bd76d_00000,2023-09-21_14-11-54,1695276714,7.356308937072754,12218,YLMF-2022VFCVIH,172.17.72.203,7.356308937072754,87
0.9069245117819483,0.7809364548494984,0.05102109909057617,True,False,88,bd76d_00000,2023-09-21_14-11-54,1695276714,7.40733003616333,12218,YLMF-2022VFCVIH,172.17.72.203,7.40733003616333,88
0.9072671209410331,0.7792642140468228,0.05069708824157715,True,False,89,bd76d_00000,2023-09-21_14-11-54,1695276714,7.458027124404907,12218,YLMF-2022VFCVIH,172.17.72.203,7.458027124404907,89
0.9079523392592028,0.7792642140468228,0.052420854568481445,True,False,90,bd76d_00000,2023-09-21_14-11-54,1695276714,7.510447978973389,12218,YLMF-2022VFCVIH,172.17.72.203,7.510447978973389,90
0.9097795881076554,0.780309364548495,0.055286407470703125,True,False,91,bd76d_00000,2023-09-21_14-11-54,1695276714,7.565734386444092,12218,YLMF-2022VFCVIH,172.17.72.203,7.565734386444092,91
0.9106170771631962,0.782190635451505,0.0539698600769043,True,False,92,bd76d_00000,2023-09-21_14-11-54,1695276714,7.619704246520996,12218,YLMF-2022VFCVIH,172.17.72.203,7.619704246520996,92
0.9119494461151928,0.7834448160535117,0.05372500419616699,True,False,93,bd76d_00000,2023-09-21_14-11-54,1695276714,7.673429250717163,12218,YLMF-2022VFCVIH,172.17.72.203,7.673429250717163,93
0.9140051010697019,0.7840719063545151,0.05550789833068848,True,False,94,bd76d_00000,2023-09-21_14-11-54,1695276714,7.728937149047852,12218,YLMF-2022VFCVIH,172.17.72.203,7.728937149047852,94
0.9138147626479881,0.7849080267558528,0.055672407150268555,True,False,95,bd76d_00000,2023-09-21_14-11-54,1695276714,7.78460955619812,12218,YLMF-2022VFCVIH,172.17.72.203,7.78460955619812,95
0.9154516730747269,0.7857441471571907,0.05523824691772461,True,False,96,bd76d_00000,2023-09-21_14-11-54,1695276714,7.839847803115845,12218,YLMF-2022VFCVIH,172.17.72.203,7.839847803115845,96
0.9152232669686703,0.784489966555184,0.0554356575012207,True,False,97,bd76d_00000,2023-09-21_14-11-54,1695276714,7.895283460617065,12218,YLMF-2022VFCVIH,172.17.72.203,7.895283460617065,97
0.9158323499181544,0.7836538461538461,0.055533647537231445,True,False,98,bd76d_00000,2023-09-21_14-11-55,1695276715,7.950817108154297,12218,YLMF-2022VFCVIH,172.17.72.203,7.950817108154297,98
0.9156039438120979,0.7842809364548495,0.05333733558654785,True,False,99,bd76d_00000,2023-09-21_14-11-55,1695276715,8.004154443740845,12218,YLMF-2022VFCVIH,172.17.72.203,8.004154443740845,99
0.9165556359206669,0.7857441471571907,0.053780555725097656,True,False,100,bd76d_00000,2023-09-21_14-11-55,1695276715,8.057934999465942,12218,YLMF-2022VFCVIH,172.17.72.203,8.057934999465942,100
0.9164795005519815,0.7851170568561873,0.05675005912780762,True,False,101,bd76d_00000,2023-09-21_14-11-55,1695276715,8.11468505859375,12218,YLMF-2022VFCVIH,172.17.72.203,8.11468505859375,101
0.9181925463474057,0.7842809364548495,0.05584597587585449,True,False,102,bd76d_00000,2023-09-21_14-11-55,1695276715,8.170531034469604,12218,YLMF-2022VFCVIH,172.17.72.203,8.170531034469604,102
0.9188016292968899,0.7838628762541806,0.05803871154785156,True,False,103,bd76d_00000,2023-09-21_14-11-55,1695276715,8.228569746017456,12218,YLMF-2022VFCVIH,172.17.72.203,8.228569746017456,103
0.9195249152994024,0.7828177257525084,0.05665230751037598,True,False,104,bd76d_00000,2023-09-21_14-11-55,1695276715,8.285222053527832,12218,YLMF-2022VFCVIH,172.17.72.203,8.285222053527832,104
0.9201720659332293,0.7817725752508361,0.050637245178222656,True,False,105,bd76d_00000,2023-09-21_14-11-55,1695276715,8.335859298706055,12218,YLMF-2022VFCVIH,172.17.72.203,8.335859298706055,105
0.9210476226731128,0.7823996655518395,0.05355405807495117,True,False,106,bd76d_00000,2023-09-21_14-11-55,1695276715,8.389413356781006,12218,YLMF-2022VFCVIH,172.17.72.203,8.389413356781006,106
0.9214282995165404,0.7811454849498328,0.04957079887390137,True,False,107,bd76d_00000,2023-09-21_14-11-55,1695276715,8.438984155654907,12218,YLMF-2022VFCVIH,172.17.72.203,8.438984155654907,107
0.9220373824660246,0.7817725752508361,0.045209646224975586,True,False,108,bd76d_00000,2023-09-21_14-11-55,1695276715,8.484193801879883,12218,YLMF-2022VFCVIH,172.17.72.203,8.484193801879883,108
0.9229129392059081,0.7811454849498328,0.04466652870178223,True,False,109,bd76d_00000,2023-09-21_14-11-55,1695276715,8.528860330581665,12218,YLMF-2022VFCVIH,172.17.72.203,8.528860330581665,109
0.9242833758422475,0.782608695652174,0.045026540756225586,True,False,110,bd76d_00000,2023-09-21_14-11-55,1695276715,8.57388687133789,12218,YLMF-2022VFCVIH,172.17.72.203,8.57388687133789,110
0.9259202862689863,0.7836538461538461,0.0446317195892334,True,False,111,bd76d_00000,2023-09-21_14-11-55,1695276715,8.618518590927124,12218,YLMF-2022VFCVIH,172.17.72.203,8.618518590927124,111
0.9259964216376718,0.7836538461538461,0.043762922286987305,True,False,112,bd76d_00000,2023-09-21_14-11-55,1695276715,8.662281513214111,12218,YLMF-2022VFCVIH,172.17.72.203,8.662281513214111,112
0.9256538124785869,0.7842809364548495,0.04262590408325195,True,False,113,bd76d_00000,2023-09-21_14-11-55,1695276715,8.704907417297363,12218,YLMF-2022VFCVIH,172.17.72.203,8.704907417297363,113
0.9253492710038448,0.7842809364548495,0.04372668266296387,True,False,114,bd76d_00000,2023-09-21_14-11-55,1695276715,8.748634099960327,12218,YLMF-2022VFCVIH,172.17.72.203,8.748634099960327,114
0.9261486923750428,0.7853260869565217,0.04589557647705078,True,False,115,bd76d_00000,2023-09-21_14-11-55,1695276715,8.794529676437378,12218,YLMF-2022VFCVIH,172.17.72.203,8.794529676437378,115
0.9269100460618981,0.7834448160535117,0.04531264305114746,True,False,116,bd76d_00000,2023-09-21_14-11-55,1695276715,8.839842319488525,12218,YLMF-2022VFCVIH,172.17.72.203,8.839842319488525,116
0.927404925958354,0.7834448160535117,0.04537463188171387,True,False,117,bd76d_00000,2023-09-21_14-11-55,1695276715,8.88521695137024,12218,YLMF-2022VFCVIH,172.17.72.203,8.88521695137024,117
0.9277475351174388,0.7828177257525084,0.04525351524353027,True,False,118,bd76d_00000,2023-09-21_14-11-56,1695276716,8.93047046661377,12218,YLMF-2022VFCVIH,172.17.72.203,8.93047046661377,118
0.928508888804294,0.7853260869565217,0.04451465606689453,True,False,119,bd76d_00000,2023-09-21_14-11-56,1695276716,8.974985122680664,12218,YLMF-2022VFCVIH,172.17.72.203,8.974985122680664,119
0.9286230918573223,0.7863712374581939,0.04359841346740723,True,False,120,bd76d_00000,2023-09-21_14-11-56,1695276716,9.018583536148071,12218,YLMF-2022VFCVIH,172.17.72.203,9.018583536148071,120
0.9291941071224638,0.7863712374581939,0.046174049377441406,True,False,121,bd76d_00000,2023-09-21_14-11-56,1695276716,9.064757585525513,12218,YLMF-2022VFCVIH,172.17.72.203,9.064757585525513,121
0.9299173931249762,0.7863712374581939,0.04278993606567383,True,False,122,bd76d_00000,2023-09-21_14-11-56,1695276716,9.107547521591187,12218,YLMF-2022VFCVIH,172.17.72.203,9.107547521591187,122
0.9303361376527466,0.7861622073578596,0.04311251640319824,True,False,123,bd76d_00000,2023-09-21_14-11-56,1695276716,9.150660037994385,12218,YLMF-2022VFCVIH,172.17.72.203,9.150660037994385,123
0.930260002284061,0.7853260869565217,0.0445864200592041,True,False,124,bd76d_00000,2023-09-21_14-11-56,1695276716,9.195246458053589,12218,YLMF-2022VFCVIH,172.17.72.203,9.195246458053589,124
0.9307548821805169,0.7849080267558528,0.10195350646972656,True,False,125,bd76d_00000,2023-09-21_14-11-56,1695276716,9.297199964523315,12218,YLMF-2022VFCVIH,172.17.72.203,9.297199964523315,125
0.9314401004986866,0.7832357859531772,0.04373455047607422,True,False,126,bd76d_00000,2023-09-21_14-11-56,1695276716,9.34093451499939,12218,YLMF-2022VFCVIH,172.17.72.203,9.34093451499939,126
0.931858845026457,0.7836538461538461,0.045119285583496094,True,False,127,bd76d_00000,2023-09-21_14-11-56,1695276716,9.386053800582886,12218,YLMF-2022VFCVIH,172.17.72.203,9.386053800582886,127
0.9330008755567398,0.7819816053511706,0.04607987403869629,True,False,128,bd76d_00000,2023-09-21_14-11-56,1695276716,9.432133674621582,12218,YLMF-2022VFCVIH,172.17.72.203,9.432133674621582,128
0.9336099585062241,0.7840719063545151,0.04631638526916504,True,False,129,bd76d_00000,2023-09-21_14-11-56,1695276716,9.478450059890747,12218,YLMF-2022VFCVIH,172.17.72.203,9.478450059890747,129
0.934257109140051,0.7832357859531772,0.0460054874420166,True,False,130,bd76d_00000,2023-09-21_14-11-56,1695276716,9.524455547332764,12218,YLMF-2022VFCVIH,172.17.72.203,9.524455547332764,130
0.9347519890365069,0.7815635451505016,0.046486616134643555,True,False,131,bd76d_00000,2023-09-21_14-11-56,1695276716,9.570942163467407,12218,YLMF-2022VFCVIH,172.17.72.203,9.570942163467407,131
0.9345235829304503,0.7817725752508361,0.04741621017456055,True,False,132,bd76d_00000,2023-09-21_14-11-56,1695276716,9.618358373641968,12218,YLMF-2022VFCVIH,172.17.72.203,9.618358373641968,132
0.9350945981955917,0.7811454849498328,0.04763507843017578,True,False,133,bd76d_00000,2023-09-21_14-11-56,1695276716,9.665993452072144,12218,YLMF-2022VFCVIH,172.17.72.203,9.665993452072144,133
0.93520880124862,0.7813545150501672,0.046755075454711914,True,False,134,bd76d_00000,2023-09-21_14-11-56,1695276716,9.712748527526855,12218,YLMF-2022VFCVIH,172.17.72.203,9.712748527526855,134
0.935056530511249,0.7809364548494984,0.046982765197753906,True,False,135,bd76d_00000,2023-09-21_14-11-56,1695276716,9.75973129272461,12218,YLMF-2022VFCVIH,172.17.72.203,9.75973129272461,135
0.9356656134607332,0.7815635451505016,0.04670906066894531,True,False,136,bd76d_00000,2023-09-21_14-11-56,1695276716,9.806440353393555,12218,YLMF-2022VFCVIH,172.17.72.203,9.806440353393555,136
0.9363127640945601,0.782190635451505,0.0464787483215332,True,False,137,bd76d_00000,2023-09-21_14-11-56,1695276716,9.852919101715088,12218,YLMF-2022VFCVIH,172.17.72.203,9.852919101715088,137
0.9371502531501009,0.7828177257525084,0.04761385917663574,True,False,138,bd76d_00000,2023-09-21_14-11-57,1695276717,9.900532960891724,12218,YLMF-2022VFCVIH,172.17.72.203,9.900532960891724,138
0.936959914728387,0.782608695652174,0.046582937240600586,True,False,139,bd76d_00000,2023-09-21_14-11-57,1695276717,9.947115898132324,12218,YLMF-2022VFCVIH,172.17.72.203,9.947115898132324,139
0.9369218470440444,0.7819816053511706,0.04645729064941406,True,False,140,bd76d_00000,2023-09-21_14-11-57,1695276717,9.993573188781738,12218,YLMF-2022VFCVIH,172.17.72.203,9.993573188781738,140
0.9372644562031291,0.7815635451505016,0.04688215255737305,True,False,141,bd76d_00000,2023-09-21_14-11-57,1695276717,10.040455341339111,12218,YLMF-2022VFCVIH,172.17.72.203,10.040455341339111,141
0.9374547946248429,0.7809364548494984,0.04620218276977539,True,False,142,bd76d_00000,2023-09-21_14-11-57,1695276717,10.086657524108887,12218,YLMF-2022VFCVIH,172.17.72.203,10.086657524108887,142
0.9377212684152423,0.779891304347826,0.04698300361633301,True,False,143,bd76d_00000,2023-09-21_14-11-57,1695276717,10.13364052772522,12218,YLMF-2022VFCVIH,172.17.72.203,10.13364052772522,143
0.9381780806273554,0.779891304347826,0.045496463775634766,True,False,144,bd76d_00000,2023-09-21_14-11-57,1695276717,10.179136991500854,12218,YLMF-2022VFCVIH,172.17.72.203,10.179136991500854,144
0.9393201111576382,0.779891304347826,0.04682207107543945,True,False,145,bd76d_00000,2023-09-21_14-11-57,1695276717,10.225959062576294,12218,YLMF-2022VFCVIH,172.17.72.203,10.225959062576294,145
0.9401956678975218,0.779891304347826,0.04803109169006348,True,False,146,bd76d_00000,2023-09-21_14-11-57,1695276717,10.273990154266357,12218,YLMF-2022VFCVIH,172.17.72.203,10.273990154266357,146
0.9406905477939776,0.7796822742474916,0.04649829864501953,True,False,147,bd76d_00000,2023-09-21_14-11-57,1695276717,10.320488452911377,12218,YLMF-2022VFCVIH,172.17.72.203,10.320488452911377,147
0.9420990521146598,0.779891304347826,0.0468602180480957,True,False,148,bd76d_00000,2023-09-21_14-11-57,1695276717,10.367348670959473,12218,YLMF-2022VFCVIH,172.17.72.203,10.367348670959473,148
0.9427462027484869,0.7807274247491639,0.047147512435913086,True,False,149,bd76d_00000,2023-09-21_14-11-57,1695276717,10.414496183395386,12218,YLMF-2022VFCVIH,172.17.72.203,10.414496183395386,149
0.9435456241196848,0.7786371237458194,0.04648923873901367,True,False,150,bd76d_00000,2023-09-21_14-11-57,1695276717,10.4609854221344,12218,YLMF-2022VFCVIH,172.17.72.203,10.4609854221344,150
0.9440024363317979,0.7786371237458194,0.04750323295593262,True,False,151,bd76d_00000,2023-09-21_14-11-57,1695276717,10.508488655090332,12218,YLMF-2022VFCVIH,172.17.72.203,10.508488655090332,151
0.9436978948570558,0.779891304347826,0.04546213150024414,True,False,152,bd76d_00000,2023-09-21_14-11-57,1695276717,10.553950786590576,12218,YLMF-2022VFCVIH,172.17.72.203,10.553950786590576,152
0.9440024363317979,0.779891304347826,0.04794883728027344,True,False,153,bd76d_00000,2023-09-21_14-11-57,1695276717,10.60189962387085,12218,YLMF-2022VFCVIH,172.17.72.203,10.60189962387085,153
0.9441166393848263,0.7801003344481605,0.04700636863708496,True,False,154,bd76d_00000,2023-09-21_14-11-57,1695276717,10.648905992507935,12218,YLMF-2022VFCVIH,172.17.72.203,10.648905992507935,154
0.9445353839125966,0.7792642140468228,0.04622077941894531,True,False,155,bd76d_00000,2023-09-21_14-11-57,1695276717,10.69512677192688,12218,YLMF-2022VFCVIH,172.17.72.203,10.69512677192688,155
0.9448399253873387,0.7809364548494984,0.04639387130737305,True,False,156,bd76d_00000,2023-09-21_14-11-57,1695276717,10.741520643234253,12218,YLMF-2022VFCVIH,172.17.72.203,10.741520643234253,156
0.9446115192812822,0.7817725752508361,0.045061588287353516,True,False,157,bd76d_00000,2023-09-21_14-11-57,1695276717,10.786582231521606,12218,YLMF-2022VFCVIH,172.17.72.203,10.786582231521606,157
0.9444973162282538,0.782608695652174,0.04608440399169922,True,False,158,bd76d_00000,2023-09-21_14-11-57,1695276717,10.832666635513306,12218,YLMF-2022VFCVIH,172.17.72.203,10.832666635513306,158
0.9445734515969394,0.784489966555184,0.04694080352783203,True,False,159,bd76d_00000,2023-09-21_14-11-57,1695276717,10.879607439041138,12218,YLMF-2022VFCVIH,172.17.72.203,10.879607439041138,159
0.9446876546499676,0.7840719063545151,0.04618096351623535,True,False,160,bd76d_00000,2023-09-21_14-11-58,1695276718,10.925788402557373,12218,YLMF-2022VFCVIH,172.17.72.203,10.925788402557373,160
0.9450683314933953,0.7853260869565217,0.04445219039916992,True,False,161,bd76d_00000,2023-09-21_14-11-58,1695276718,10.970240592956543,12218,YLMF-2022VFCVIH,172.17.72.203,10.970240592956543,161
0.9451444668620808,0.7861622073578596,0.04798007011413574,True,False,162,bd76d_00000,2023-09-21_14-11-58,1695276718,11.018220663070679,12218,YLMF-2022VFCVIH,172.17.72.203,11.018220663070679,162
0.9462103620236781,0.7855351170568562,0.047388553619384766,True,False,163,bd76d_00000,2023-09-21_14-11-58,1695276718,11.065609216690063,12218,YLMF-2022VFCVIH,172.17.72.203,11.065609216690063,163
0.9470859187635616,0.7855351170568562,0.04711198806762695,True,False,164,bd76d_00000,2023-09-21_14-11-58,1695276718,11.11272120475769,12218,YLMF-2022VFCVIH,172.17.72.203,11.11272120475769,164
0.9477711370817313,0.7857441471571907,0.04750657081604004,True,False,165,bd76d_00000,2023-09-21_14-11-58,1695276718,11.16022777557373,12218,YLMF-2022VFCVIH,172.17.72.203,11.16022777557373,165
0.9479614755034451,0.7842809364548495,0.048465728759765625,True,False,166,bd76d_00000,2023-09-21_14-11-58,1695276718,11.208693504333496,12218,YLMF-2022VFCVIH,172.17.72.203,11.208693504333496,166
0.94830408466253,0.7834448160535117,0.04911494255065918,True,False,167,bd76d_00000,2023-09-21_14-11-58,1695276718,11.257808446884155,12218,YLMF-2022VFCVIH,172.17.72.203,11.257808446884155,167
0.9487228291903004,0.7817725752508361,0.048477888107299805,True,False,168,bd76d_00000,2023-09-21_14-11-58,1695276718,11.306286334991455,12218,YLMF-2022VFCVIH,172.17.72.203,11.306286334991455,168
0.9496745212988694,0.7809364548494984,0.04828190803527832,True,False,169,bd76d_00000,2023-09-21_14-11-58,1695276718,11.354568243026733,12218,YLMF-2022VFCVIH,172.17.72.203,11.354568243026733,169
0.9505120103544101,0.7813545150501672,0.04816412925720215,True,False,170,bd76d_00000,2023-09-21_14-11-58,1695276718,11.402732372283936,12218,YLMF-2022VFCVIH,172.17.72.203,11.402732372283936,170
0.9507404164604667,0.7792642140468228,0.0492556095123291,True,False,171,bd76d_00000,2023-09-21_14-11-58,1695276718,11.451987981796265,12218,YLMF-2022VFCVIH,172.17.72.203,11.451987981796265,171
0.9507784841448095,0.7811454849498328,0.047771453857421875,True,False,172,bd76d_00000,2023-09-21_14-11-58,1695276718,11.499759435653687,12218,YLMF-2022VFCVIH,172.17.72.203,11.499759435653687,172
0.9508165518291523,0.7832357859531772,0.04817485809326172,True,False,173,bd76d_00000,2023-09-21_14-11-58,1695276718,11.547934293746948,12218,YLMF-2022VFCVIH,172.17.72.203,11.547934293746948,173
0.9511210933038943,0.7855351170568562,0.04707813262939453,True,False,174,bd76d_00000,2023-09-21_14-11-58,1695276718,11.595012426376343,12218,YLMF-2022VFCVIH,172.17.72.203,11.595012426376343,174
0.9517301762533785,0.7859531772575251,0.04871773719787598,True,False,175,bd76d_00000,2023-09-21_14-11-58,1695276718,11.643730163574219,12218,YLMF-2022VFCVIH,172.17.72.203,11.643730163574219,175
0.9525676653089192,0.7869983277591973,0.04823112487792969,True,False,176,bd76d_00000,2023-09-21_14-11-58,1695276718,11.691961288452148,12218,YLMF-2022VFCVIH,172.17.72.203,11.691961288452148,176
0.9527199360462903,0.7874163879598662,0.0493626594543457,True,False,177,bd76d_00000,2023-09-21_14-11-58,1695276718,11.741323947906494,12218,YLMF-2022VFCVIH,172.17.72.203,11.741323947906494,177
0.9531006128897179,0.7876254180602007,0.0484309196472168,True,False,178,bd76d_00000,2023-09-21_14-11-58,1695276718,11.789754867553711,12218,YLMF-2022VFCVIH,172.17.72.203,11.789754867553711,178
0.9535574251018311,0.7872073578595318,0.0494389533996582,True,False,179,bd76d_00000,2023-09-21_14-11-58,1695276718,11.83919382095337,12218,YLMF-2022VFCVIH,172.17.72.203,11.83919382095337,179
0.9536716281548593,0.7869983277591973,0.04963040351867676,True,False,180,bd76d_00000,2023-09-21_14-11-58,1695276718,11.888824224472046,12218,YLMF-2022VFCVIH,172.17.72.203,11.888824224472046,180
0.9540903726826298,0.7867892976588629,0.048241615295410156,True,False,181,bd76d_00000,2023-09-21_14-11-59,1695276719,11.937065839767456,12218,YLMF-2022VFCVIH,172.17.72.203,11.937065839767456,181
0.9543568464730291,0.7865802675585284,0.05002403259277344,True,False,182,bd76d_00000,2023-09-21_14-11-59,1695276719,11.98708987236023,12218,YLMF-2022VFCVIH,172.17.72.203,11.98708987236023,182
0.9543949141573718,0.7853260869565217,0.04818606376647949,True,False,183,bd76d_00000,2023-09-21_14-11-59,1695276719,12.035275936126709,12218,YLMF-2022VFCVIH,172.17.72.203,12.035275936126709,183
0.9543568464730291,0.7865802675585284,0.0494840145111084,True,False,184,bd76d_00000,2023-09-21_14-11-59,1695276719,12.084759950637817,12218,YLMF-2022VFCVIH,172.17.72.203,12.084759950637817,184
0.9542807111043435,0.7853260869565217,0.048067331314086914,True,False,185,bd76d_00000,2023-09-21_14-11-59,1695276719,12.132827281951904,12218,YLMF-2022VFCVIH,172.17.72.203,12.132827281951904,185
0.9539761696296014,0.7861622073578596,0.0479435920715332,True,False,186,bd76d_00000,2023-09-21_14-11-59,1695276719,12.180770874023438,12218,YLMF-2022VFCVIH,172.17.72.203,12.180770874023438,186
0.9542426434200008,0.7853260869565217,0.05319476127624512,True,False,187,bd76d_00000,2023-09-21_14-11-59,1695276719,12.233965635299683,12218,YLMF-2022VFCVIH,172.17.72.203,12.233965635299683,187
0.9543187787886863,0.7846989966555183,0.049530982971191406,True,False,188,bd76d_00000,2023-09-21_14-11-59,1695276719,12.283496618270874,12218,YLMF-2022VFCVIH,172.17.72.203,12.283496618270874,188
0.9546613879477711,0.7846989966555183,0.04877066612243652,True,False,189,bd76d_00000,2023-09-21_14-11-59,1695276719,12.33226728439331,12218,YLMF-2022VFCVIH,172.17.72.203,12.33226728439331,189
0.9548136586851422,0.7838628762541806,0.0482480525970459,True,False,190,bd76d_00000,2023-09-21_14-11-59,1695276719,12.380515336990356,12218,YLMF-2022VFCVIH,172.17.72.203,12.380515336990356,190
0.9550420647911988,0.7838628762541806,0.04877114295959473,True,False,191,bd76d_00000,2023-09-21_14-11-59,1695276719,12.429286479949951,12218,YLMF-2022VFCVIH,172.17.72.203,12.429286479949951,191
0.9553846739502836,0.7828177257525084,0.04989814758300781,True,False,192,bd76d_00000,2023-09-21_14-11-59,1695276719,12.479184627532959,12218,YLMF-2022VFCVIH,172.17.72.203,12.479184627532959,192
0.9557653507937112,0.7834448160535117,0.04800152778625488,True,False,193,bd76d_00000,2023-09-21_14-11-59,1695276719,12.527186155319214,12218,YLMF-2022VFCVIH,172.17.72.203,12.527186155319214,193
0.9560318245841105,0.7836538461538461,0.0486299991607666,True,False,194,bd76d_00000,2023-09-21_14-11-59,1695276719,12.57581615447998,12218,YLMF-2022VFCVIH,172.17.72.203,12.57581615447998,194
0.9560318245841105,0.7842809364548495,0.048798561096191406,True,False,195,bd76d_00000,2023-09-21_14-11-59,1695276719,12.624614715576172,12218,YLMF-2022VFCVIH,172.17.72.203,12.624614715576172,195
0.9570596520613651,0.7840719063545151,0.04847431182861328,True,False,196,bd76d_00000,2023-09-21_14-11-59,1695276719,12.673089027404785,12218,YLMF-2022VFCVIH,172.17.72.203,12.673089027404785,196
0.9572499904830789,0.7830267558528428,0.04898834228515625,True,False,197,bd76d_00000,2023-09-21_14-11-59,1695276719,12.722077369689941,12218,YLMF-2022VFCVIH,172.17.72.203,12.722077369689941,197
0.9579352088012486,0.7834448160535117,0.04954028129577637,True,False,198,bd76d_00000,2023-09-21_14-11-59,1695276719,12.771617650985718,12218,YLMF-2022VFCVIH,172.17.72.203,12.771617650985718,198
0.957554531957821,0.784489966555184,0.04933810234069824,True,False,199,bd76d_00000,2023-09-21_14-11-59,1695276719,12.820955753326416,12218,YLMF-2022VFCVIH,172.17.72.203,12.820955753326416,199
0.9571738551143933,0.7861622073578596,0.05227351188659668,True,False,200,bd76d_00000,2023-09-21_14-11-59,1695276719,12.873229265213013,12218,YLMF-2022VFCVIH,172.17.72.203,12.873229265213013,200
0.9573261258517645,0.7859531772575251,0.04961276054382324,True,False,201,bd76d_00000,2023-09-21_14-12-00,1695276720,12.922842025756836,12218,YLMF-2022VFCVIH,172.17.72.203,12.922842025756836,201
0.9574783965891355,0.7863712374581939,0.048665761947631836,True,False,202,bd76d_00000,2023-09-21_14-12-00,1695276720,12.971507787704468,12218,YLMF-2022VFCVIH,172.17.72.203,12.971507787704468,202
0.957706802695192,0.7863712374581939,0.04901695251464844,True,False,203,bd76d_00000,2023-09-21_14-12-00,1695276720,13.020524740219116,12218,YLMF-2022VFCVIH,172.17.72.203,13.020524740219116,203
0.9578210057482204,0.7846989966555183,0.049469709396362305,True,False,204,bd76d_00000,2023-09-21_14-12-00,1695276720,13.069994449615479,12218,YLMF-2022VFCVIH,172.17.72.203,13.069994449615479,204
0.9584300886977045,0.7859531772575251,0.04913592338562012,True,False,205,bd76d_00000,2023-09-21_14-12-00,1695276720,13.119130373001099,12218,YLMF-2022VFCVIH,172.17.72.203,13.119130373001099,205
0.9585823594350755,0.7859531772575251,0.04953765869140625,True,False,206,bd76d_00000,2023-09-21_14-12-00,1695276720,13.168668031692505,12218,YLMF-2022VFCVIH,172.17.72.203,13.168668031692505,206
0.9586204271194183,0.7867892976588629,0.04975485801696777,True,False,207,bd76d_00000,2023-09-21_14-12-00,1695276720,13.218422889709473,12218,YLMF-2022VFCVIH,172.17.72.203,13.218422889709473,207
0.9594579161749591,0.7867892976588629,0.049869537353515625,True,False,208,bd76d_00000,2023-09-21_14-12-00,1695276720,13.268292427062988,12218,YLMF-2022VFCVIH,172.17.72.203,13.268292427062988,208
0.9598005253340439,0.7869983277591973,0.04964327812194824,True,False,209,bd76d_00000,2023-09-21_14-12-00,1695276720,13.317935705184937,12218,YLMF-2022VFCVIH,172.17.72.203,13.317935705184937,209
0.9598385930183867,0.7888795986622074,0.049442291259765625,True,False,210,bd76d_00000,2023-09-21_14-12-00,1695276720,13.367377996444702,12218,YLMF-2022VFCVIH,172.17.72.203,13.367377996444702,210
0.9603715405991854,0.7878344481605352,0.04917621612548828,True,False,211,bd76d_00000,2023-09-21_14-12-00,1695276720,13.41655421257019,12218,YLMF-2022VFCVIH,172.17.72.203,13.41655421257019,211
0.960752217442613,0.7880434782608695,0.04841899871826172,True,False,212,bd76d_00000,2023-09-21_14-12-00,1695276720,13.464973211288452,12218,YLMF-2022VFCVIH,172.17.72.203,13.464973211288452,212
0.9610567589173551,0.7876254180602007,0.048148155212402344,True,False,213,bd76d_00000,2023-09-21_14-12-00,1695276720,13.513121366500854,12218,YLMF-2022VFCVIH,172.17.72.203,13.513121366500854,213
0.9610948266016979,0.7865802675585284,0.048648834228515625,True,False,214,bd76d_00000,2023-09-21_14-12-00,1695276720,13.56177020072937,12218,YLMF-2022VFCVIH,172.17.72.203,13.56177020072937,214
0.9610567589173551,0.7859531772575251,0.0486297607421875,True,False,215,bd76d_00000,2023-09-21_14-12-00,1695276720,13.610399961471558,12218,YLMF-2022VFCVIH,172.17.72.203,13.610399961471558,215
0.9617419772355248,0.7857441471571907,0.049742698669433594,True,False,216,bd76d_00000,2023-09-21_14-12-00,1695276720,13.660142660140991,12218,YLMF-2022VFCVIH,172.17.72.203,13.660142660140991,216
0.961856180288553,0.7853260869565217,0.04829549789428711,True,False,217,bd76d_00000,2023-09-21_14-12-00,1695276720,13.708438158035278,12218,YLMF-2022VFCVIH,172.17.72.203,13.708438158035278,217
0.961551638813811,0.7853260869565217,0.04975390434265137,True,False,218,bd76d_00000,2023-09-21_14-12-00,1695276720,13.75819206237793,12218,YLMF-2022VFCVIH,172.17.72.203,13.75819206237793,218
0.961856180288553,0.7861622073578596,0.05025219917297363,True,False,219,bd76d_00000,2023-09-21_14-12-00,1695276720,13.808444261550903,12218,YLMF-2022VFCVIH,172.17.72.203,13.808444261550903,219
0.9616658418668392,0.7857441471571907,0.04960179328918457,True,False,220,bd76d_00000,2023-09-21_14-12-00,1695276720,13.858046054840088,12218,YLMF-2022VFCVIH,172.17.72.203,13.858046054840088,220
0.9617419772355248,0.7863712374581939,0.05123472213745117,True,False,221,bd76d_00000,2023-09-21_14-12-01,1695276721,13.909280776977539,12218,YLMF-2022VFCVIH,172.17.72.203,13.909280776977539,221
0.9614374357607827,0.7865802675585284,0.05032062530517578,True,False,222,bd76d_00000,2023-09-21_14-12-01,1695276721,13.959601402282715,12218,YLMF-2022VFCVIH,172.17.72.203,13.959601402282715,222
0.9616277741824965,0.7876254180602007,0.0505986213684082,True,False,223,bd76d_00000,2023-09-21_14-12-01,1695276721,14.010200023651123,12218,YLMF-2022VFCVIH,172.17.72.203,14.010200023651123,223
0.9618181126042102,0.7869983277591973,0.04960823059082031,True,False,224,bd76d_00000,2023-09-21_14-12-01,1695276721,14.059808254241943,12218,YLMF-2022VFCVIH,172.17.72.203,14.059808254241943,224
0.9616658418668392,0.7863712374581939,0.04957890510559082,True,False,225,bd76d_00000,2023-09-21_14-12-01,1695276721,14.109387159347534,12218,YLMF-2022VFCVIH,172.17.72.203,14.109387159347534,225
0.9617419772355248,0.7863712374581939,0.04795026779174805,True,False,226,bd76d_00000,2023-09-21_14-12-01,1695276721,14.157337427139282,12218,YLMF-2022VFCVIH,172.17.72.203,14.157337427139282,226
0.9623129925006662,0.7836538461538461,0.048438072204589844,True,False,227,bd76d_00000,2023-09-21_14-12-01,1695276721,14.205775499343872,12218,YLMF-2022VFCVIH,172.17.72.203,14.205775499343872,227
0.9630743461875214,0.7842809364548495,0.04887223243713379,True,False,228,bd76d_00000,2023-09-21_14-12-01,1695276721,14.254647731781006,12218,YLMF-2022VFCVIH,172.17.72.203,14.254647731781006,228
0.9629601431344931,0.7842809364548495,0.04791522026062012,True,False,229,bd76d_00000,2023-09-21_14-12-01,1695276721,14.302562952041626,12218,YLMF-2022VFCVIH,172.17.72.203,14.302562952041626,229
0.9626936693440938,0.7851170568561873,0.04878950119018555,True,False,230,bd76d_00000,2023-09-21_14-12-01,1695276721,14.351352453231812,12218,YLMF-2022VFCVIH,172.17.72.203,14.351352453231812,230
0.9626936693440938,0.7846989966555183,0.049837350845336914,True,False,231,bd76d_00000,2023-09-21_14-12-01,1695276721,14.401189804077148,12218,YLMF-2022VFCVIH,172.17.72.203,14.401189804077148,231
0.963302752293578,0.7840719063545151,0.051103830337524414,True,False,232,bd76d_00000,2023-09-21_14-12-01,1695276721,14.452293634414673,12218,YLMF-2022VFCVIH,172.17.72.203,14.452293634414673,232
0.9636453614526629,0.7830267558528428,0.05046272277832031,True,False,233,bd76d_00000,2023-09-21_14-12-01,1695276721,14.502756357192993,12218,YLMF-2022VFCVIH,172.17.72.203,14.502756357192993,233
0.9640641059804332,0.7834448160535117,0.04841041564941406,True,False,234,bd76d_00000,2023-09-21_14-12-01,1695276721,14.551166772842407,12218,YLMF-2022VFCVIH,172.17.72.203,14.551166772842407,234
0.9642163767178042,0.7830267558528428,0.048078298568725586,True,False,235,bd76d_00000,2023-09-21_14-12-01,1695276721,14.599245071411133,12218,YLMF-2022VFCVIH,172.17.72.203,14.599245071411133,235
0.9645209181925464,0.7834448160535117,0.05004286766052246,True,False,236,bd76d_00000,2023-09-21_14-12-01,1695276721,14.649287939071655,12218,YLMF-2022VFCVIH,172.17.72.203,14.649287939071655,236
0.9650919334576877,0.782190635451505,0.05068254470825195,True,False,237,bd76d_00000,2023-09-21_14-12-01,1695276721,14.699970483779907,12218,YLMF-2022VFCVIH,172.17.72.203,14.699970483779907,237
0.9650919334576877,0.7832357859531772,0.0504148006439209,True,False,238,bd76d_00000,2023-09-21_14-12-01,1695276721,14.750385284423828,12218,YLMF-2022VFCVIH,172.17.72.203,14.750385284423828,238
0.9650157980890023,0.7834448160535117,0.05002951622009277,True,False,239,bd76d_00000,2023-09-21_14-12-01,1695276721,14.800414800643921,12218,YLMF-2022VFCVIH,172.17.72.203,14.800414800643921,239
0.965053865773345,0.7846989966555183,0.050833940505981445,True,False,240,bd76d_00000,2023-09-21_14-12-01,1695276721,14.851248741149902,12218,YLMF-2022VFCVIH,172.17.72.203,14.851248741149902,240
0.9654726103011154,0.7857441471571907,0.051938772201538086,True,False,241,bd76d_00000,2023-09-21_14-12-02,1695276722,14.90318751335144,12218,YLMF-2022VFCVIH,172.17.72.203,14.90318751335144,241
0.966005557881914,0.7857441471571907,0.051672935485839844,True,False,242,bd76d_00000,2023-09-21_14-12-02,1695276722,14.95486044883728,12218,YLMF-2022VFCVIH,172.17.72.203,14.95486044883728,242
0.966005557881914,0.7842809364548495,0.0501711368560791,True,False,243,bd76d_00000,2023-09-21_14-12-02,1695276722,15.00503158569336,12218,YLMF-2022VFCVIH,172.17.72.203,15.00503158569336,243
0.9663100993566561,0.7863712374581939,0.052170515060424805,True,False,244,bd76d_00000,2023-09-21_14-12-02,1695276722,15.057202100753784,12218,YLMF-2022VFCVIH,172.17.72.203,15.057202100753784,244
0.9661578286192851,0.7874163879598662,0.04941082000732422,True,False,245,bd76d_00000,2023-09-21_14-12-02,1695276722,15.106612920761108,12218,YLMF-2022VFCVIH,172.17.72.203,15.106612920761108,245
0.9661578286192851,0.7878344481605352,0.05318593978881836,True,False,246,bd76d_00000,2023-09-21_14-12-02,1695276722,15.159798860549927,12218,YLMF-2022VFCVIH,172.17.72.203,15.159798860549927,246
0.9668811146217976,0.7876254180602007,0.050470829010009766,True,False,247,bd76d_00000,2023-09-21_14-12-02,1695276722,15.210269689559937,12218,YLMF-2022VFCVIH,172.17.72.203,15.210269689559937,247
0.9672617914652252,0.7878344481605352,0.05272102355957031,True,False,248,bd76d_00000,2023-09-21_14-12-02,1695276722,15.262990713119507,12218,YLMF-2022VFCVIH,172.17.72.203,15.262990713119507,248
0.9674901975712817,0.7892976588628763,0.04960036277770996,True,False,249,bd76d_00000,2023-09-21_14-12-02,1695276722,15.312591075897217,12218,YLMF-2022VFCVIH,172.17.72.203,15.312591075897217,249
0.967299859149568,0.7911789297658863,0.052709102630615234,True,False,250,bd76d_00000,2023-09-21_14-12-02,1695276722,15.365300178527832,12218,YLMF-2022VFCVIH,172.17.72.203,15.365300178527832,250
0.966957249990483,0.792433110367893,0.05026364326477051,True,False,251,bd76d_00000,2023-09-21_14-12-02,1695276722,15.415563821792603,12218,YLMF-2022VFCVIH,172.17.72.203,15.415563821792603,251
0.9668430469374548,0.7934782608695652,0.052152395248413086,True,False,252,bd76d_00000,2023-09-21_14-12-02,1695276722,15.467716217041016,12218,YLMF-2022VFCVIH,172.17.72.203,15.467716217041016,252
0.9668430469374548,0.7934782608695652,0.05088305473327637,True,False,253,bd76d_00000,2023-09-21_14-12-02,1695276722,15.518599271774292,12218,YLMF-2022VFCVIH,172.17.72.203,15.518599271774292,253
0.9665385054627127,0.7936872909698997,0.05337381362915039,True,False,254,bd76d_00000,2023-09-21_14-12-02,1695276722,15.571973085403442,12218,YLMF-2022VFCVIH,172.17.72.203,15.571973085403442,254
0.966804979253112,0.7932692307692307,0.050436973571777344,True,False,255,bd76d_00000,2023-09-21_14-12-02,1695276722,15.62241005897522,12218,YLMF-2022VFCVIH,172.17.72.203,15.62241005897522,255
0.9671856560965396,0.7930602006688964,0.05257725715637207,True,False,256,bd76d_00000,2023-09-21_14-12-02,1695276722,15.674987316131592,12218,YLMF-2022VFCVIH,172.17.72.203,15.674987316131592,256
0.9674140622025962,0.7920150501672241,0.050785064697265625,True,False,257,bd76d_00000,2023-09-21_14-12-02,1695276722,15.725772380828857,12218,YLMF-2022VFCVIH,172.17.72.203,15.725772380828857,257
0.9677947390460239,0.7926421404682275,0.05298423767089844,True,False,258,bd76d_00000,2023-09-21_14-12-02,1695276722,15.778756618499756,12218,YLMF-2022VFCVIH,172.17.72.203,15.778756618499756,258
0.9679089420990521,0.7907608695652174,0.05072665214538574,True,False,259,bd76d_00000,2023-09-21_14-12-02,1695276722,15.829483270645142,12218,YLMF-2022VFCVIH,172.17.72.203,15.829483270645142,259
0.9678708744147093,0.7909698996655519,0.05556750297546387,True,False,260,bd76d_00000,2023-09-21_14-12-02,1695276722,15.885050773620605,12218,YLMF-2022VFCVIH,172.17.72.203,15.885050773620605,260
0.9679089420990521,0.790133779264214,0.060712575912475586,True,False,261,bd76d_00000,2023-09-21_14-12-03,1695276723,15.945763349533081,12218,YLMF-2022VFCVIH,172.17.72.203,15.945763349533081,261
0.9683276866268224,0.7895066889632107,0.052422285079956055,True,False,262,bd76d_00000,2023-09-21_14-12-03,1695276723,15.998185634613037,12218,YLMF-2022VFCVIH,172.17.72.203,15.998185634613037,262
0.9676805359929955,0.7878344481605352,0.05067777633666992,True,False,263,bd76d_00000,2023-09-21_14-12-03,1695276723,16.048863410949707,12218,YLMF-2022VFCVIH,172.17.72.203,16.048863410949707,263
0.9675663329399673,0.7863712374581939,0.05089163780212402,True,False,264,bd76d_00000,2023-09-21_14-12-03,1695276723,16.09975504875183,12218,YLMF-2022VFCVIH,172.17.72.203,16.09975504875183,264
0.96760440062431,0.788252508361204,0.05475497245788574,True,False,265,bd76d_00000,2023-09-21_14-12-03,1695276723,16.154510021209717,12218,YLMF-2022VFCVIH,172.17.72.203,16.154510021209717,265
0.9675663329399673,0.7905518394648829,0.05116415023803711,True,False,266,bd76d_00000,2023-09-21_14-12-03,1695276723,16.205674171447754,12218,YLMF-2022VFCVIH,172.17.72.203,16.205674171447754,266
0.9677566713616811,0.7913879598662207,0.05204916000366211,True,False,267,bd76d_00000,2023-09-21_14-12-03,1695276723,16.257723331451416,12218,YLMF-2022VFCVIH,172.17.72.203,16.257723331451416,267
0.968403821995508,0.7911789297658863,0.04924607276916504,True,False,268,bd76d_00000,2023-09-21_14-12-03,1695276723,16.30696940422058,12218,YLMF-2022VFCVIH,172.17.72.203,16.30696940422058,268
0.9686702957859074,0.7895066889632107,0.04940342903137207,True,False,269,bd76d_00000,2023-09-21_14-12-03,1695276723,16.356372833251953,12218,YLMF-2022VFCVIH,172.17.72.203,16.356372833251953,269
0.9689748372606495,0.7907608695652174,0.05038928985595703,True,False,270,bd76d_00000,2023-09-21_14-12-03,1695276723,16.40676212310791,12218,YLMF-2022VFCVIH,172.17.72.203,16.40676212310791,270
0.9692413110510487,0.790133779264214,0.05153608322143555,True,False,271,bd76d_00000,2023-09-21_14-12-03,1695276723,16.458298206329346,12218,YLMF-2022VFCVIH,172.17.72.203,16.458298206329346,271
0.9695077848414481,0.7909698996655519,0.05121660232543945,True,False,272,bd76d_00000,2023-09-21_14-12-03,1695276723,16.509514808654785,12218,YLMF-2022VFCVIH,172.17.72.203,16.509514808654785,272
0.9697742586318474,0.7913879598662207,0.05150556564331055,True,False,273,bd76d_00000,2023-09-21_14-12-03,1695276723,16.561020374298096,12218,YLMF-2022VFCVIH,172.17.72.203,16.561020374298096,273
0.9702310708439605,0.7888795986622074,0.05038309097290039,True,False,274,bd76d_00000,2023-09-21_14-12-03,1695276723,16.611403465270996,12218,YLMF-2022VFCVIH,172.17.72.203,16.611403465270996,274
0.9706498153717309,0.7884615384615384,0.05015683174133301,True,False,275,bd76d_00000,2023-09-21_14-12-03,1695276723,16.66156029701233,12218,YLMF-2022VFCVIH,172.17.72.203,16.66156029701233,275
0.971106627583844,0.7884615384615384,0.050499677658081055,True,False,276,bd76d_00000,2023-09-21_14-12-03,1695276723,16.71205997467041,12218,YLMF-2022VFCVIH,172.17.72.203,16.71205997467041,276
0.9708401537934448,0.788252508361204,0.061959028244018555,True,False,277,bd76d_00000,2023-09-21_14-12-03,1695276723,16.77401900291443,12218,YLMF-2022VFCVIH,172.17.72.203,16.77401900291443,277
0.9708401537934448,0.7886705685618729,0.05049443244934082,True,False,278,bd76d_00000,2023-09-21_14-12-03,1695276723,16.82451343536377,12218,YLMF-2022VFCVIH,172.17.72.203,16.82451343536377,278
0.9708782214777875,0.7895066889632107,0.05175900459289551,True,False,279,bd76d_00000,2023-09-21_14-12-03,1695276723,16.876272439956665,12218,YLMF-2022VFCVIH,172.17.72.203,16.876272439956665,279
0.9712969660055579,0.788252508361204,0.0510561466217041,True,False,280,bd76d_00000,2023-09-21_14-12-04,1695276724,16.92732858657837,12218,YLMF-2022VFCVIH,172.17.72.203,16.92732858657837,280
0.9715253721116145,0.7874163879598662,0.05272960662841797,True,False,281,bd76d_00000,2023-09-21_14-12-04,1695276724,16.980058193206787,12218,YLMF-2022VFCVIH,172.17.72.203,16.980058193206787,281
0.9720202520080703,0.7874163879598662,0.05217790603637695,True,False,282,bd76d_00000,2023-09-21_14-12-04,1695276724,17.032236099243164,12218,YLMF-2022VFCVIH,172.17.72.203,17.032236099243164,282
0.9720202520080703,0.7878344481605352,0.05219244956970215,True,False,283,bd76d_00000,2023-09-21_14-12-04,1695276724,17.084428548812866,12218,YLMF-2022VFCVIH,172.17.72.203,17.084428548812866,283
0.9723628611671552,0.7874163879598662,0.04996466636657715,True,False,284,bd76d_00000,2023-09-21_14-12-04,1695276724,17.134393215179443,12218,YLMF-2022VFCVIH,172.17.72.203,17.134393215179443,284
0.9721344550610986,0.7863712374581939,0.052260398864746094,True,False,285,bd76d_00000,2023-09-21_14-12-04,1695276724,17.18665361404419,12218,YLMF-2022VFCVIH,172.17.72.203,17.18665361404419,285
0.9726674026418973,0.7859531772575251,0.05162644386291504,True,False,286,bd76d_00000,2023-09-21_14-12-04,1695276724,17.238280057907104,12218,YLMF-2022VFCVIH,172.17.72.203,17.238280057907104,286
0.9731622825383532,0.7869983277591973,0.05168581008911133,True,False,287,bd76d_00000,2023-09-21_14-12-04,1695276724,17.289965867996216,12218,YLMF-2022VFCVIH,172.17.72.203,17.289965867996216,287
0.9735810270661236,0.7855351170568562,0.04991722106933594,True,False,288,bd76d_00000,2023-09-21_14-12-04,1695276724,17.33988308906555,12218,YLMF-2022VFCVIH,172.17.72.203,17.33988308906555,288
0.973504891697438,0.7865802675585284,0.04982495307922363,True,False,289,bd76d_00000,2023-09-21_14-12-04,1695276724,17.389708042144775,12218,YLMF-2022VFCVIH,172.17.72.203,17.389708042144775,289
0.973657162434809,0.7872073578595318,0.05057215690612793,True,False,290,bd76d_00000,2023-09-21_14-12-04,1695276724,17.440280199050903,12218,YLMF-2022VFCVIH,172.17.72.203,17.440280199050903,290
0.9733906886444098,0.7876254180602007,0.05196094512939453,True,False,291,bd76d_00000,2023-09-21_14-12-04,1695276724,17.492241144180298,12218,YLMF-2022VFCVIH,172.17.72.203,17.492241144180298,291
0.9738475008565229,0.7869983277591973,0.04987668991088867,True,False,292,bd76d_00000,2023-09-21_14-12-04,1695276724,17.542117834091187,12218,YLMF-2022VFCVIH,172.17.72.203,17.542117834091187,292
0.9740759069625795,0.7872073578595318,0.04993581771850586,True,False,293,bd76d_00000,2023-09-21_14-12-04,1695276724,17.592053651809692,12218,YLMF-2022VFCVIH,172.17.72.203,17.592053651809692,293
0.9743043130686361,0.7855351170568562,0.05076742172241211,True,False,294,bd76d_00000,2023-09-21_14-12-04,1695276724,17.642821073532104,12218,YLMF-2022VFCVIH,172.17.72.203,17.642821073532104,294
0.974152042331265,0.784489966555184,0.051694393157958984,True,False,295,bd76d_00000,2023-09-21_14-12-04,1695276724,17.694515466690063,12218,YLMF-2022VFCVIH,172.17.72.203,17.694515466690063,295
0.9737713654878374,0.7838628762541806,0.05137991905212402,True,False,296,bd76d_00000,2023-09-21_14-12-04,1695276724,17.745895385742188,12218,YLMF-2022VFCVIH,172.17.72.203,17.745895385742188,296
0.9734668240130953,0.7842809364548495,0.05270028114318848,True,False,297,bd76d_00000,2023-09-21_14-12-04,1695276724,17.798595666885376,12218,YLMF-2022VFCVIH,172.17.72.203,17.798595666885376,297
0.9738855685408656,0.7830267558528428,0.053453922271728516,True,False,298,bd76d_00000,2023-09-21_14-12-04,1695276724,17.852049589157104,12218,YLMF-2022VFCVIH,172.17.72.203,17.852049589157104,298
0.9739236362252084,0.7819816053511706,0.051306724548339844,True,False,299,bd76d_00000,2023-09-21_14-12-05,1695276725,17.903356313705444,12218,YLMF-2022VFCVIH,172.17.72.203,17.903356313705444,299
0.9743423807529787,0.782190635451505,0.05311417579650879,True,False,300,bd76d_00000,2023-09-21_14-12-05,1695276725,17.956470489501953,12218,YLMF-2022VFCVIH,172.17.72.203,17.956470489501953,300
0.9748372606494347,0.7813545150501672,0.053862571716308594,True,False,301,bd76d_00000,2023-09-21_14-12-05,1695276725,18.01033306121826,12218,YLMF-2022VFCVIH,172.17.72.203,18.01033306121826,301
0.9755986143362899,0.7813545150501672,0.05218839645385742,True,False,302,bd76d_00000,2023-09-21_14-12-05,1695276725,18.06252145767212,12218,YLMF-2022VFCVIH,172.17.72.203,18.06252145767212,302
0.9757508850736609,0.7801003344481605,0.05164337158203125,True,False,303,bd76d_00000,2023-09-21_14-12-05,1695276725,18.11416482925415,12218,YLMF-2022VFCVIH,172.17.72.203,18.11416482925415,303
0.9760173588640603,0.7815635451505016,0.05378389358520508,True,False,304,bd76d_00000,2023-09-21_14-12-05,1695276725,18.167948722839355,12218,YLMF-2022VFCVIH,172.17.72.203,18.167948722839355,304
0.975903155811032,0.7830267558528428,0.05253863334655762,True,False,305,bd76d_00000,2023-09-21_14-12-05,1695276725,18.220487356185913,12218,YLMF-2022VFCVIH,172.17.72.203,18.220487356185913,305
0.9759792911797175,0.7830267558528428,0.05206441879272461,True,False,306,bd76d_00000,2023-09-21_14-12-05,1695276725,18.272551774978638,12218,YLMF-2022VFCVIH,172.17.72.203,18.272551774978638,306
0.9762838326544596,0.7823996655518395,0.052416324615478516,True,False,307,bd76d_00000,2023-09-21_14-12-05,1695276725,18.324968099594116,12218,YLMF-2022VFCVIH,172.17.72.203,18.324968099594116,307
0.9765883741292017,0.7819816053511706,0.05134868621826172,True,False,308,bd76d_00000,2023-09-21_14-12-05,1695276725,18.376316785812378,12218,YLMF-2022VFCVIH,172.17.72.203,18.376316785812378,308
0.976550306444859,0.7813545150501672,0.0534214973449707,True,False,309,bd76d_00000,2023-09-21_14-12-05,1695276725,18.42973828315735,12218,YLMF-2022VFCVIH,172.17.72.203,18.42973828315735,309
0.9768167802352583,0.7813545150501672,0.052017927169799805,True,False,310,bd76d_00000,2023-09-21_14-12-05,1695276725,18.48175621032715,12218,YLMF-2022VFCVIH,172.17.72.203,18.48175621032715,310
0.9770451863413149,0.7809364548494984,0.05301403999328613,True,False,311,bd76d_00000,2023-09-21_14-12-05,1695276725,18.534770250320435,12218,YLMF-2022VFCVIH,172.17.72.203,18.534770250320435,311
0.9771593893943431,0.7805183946488294,0.05267167091369629,True,False,312,bd76d_00000,2023-09-21_14-12-05,1695276725,18.58744192123413,12218,YLMF-2022VFCVIH,172.17.72.203,18.58744192123413,312
0.9768548479196011,0.7807274247491639,0.0524592399597168,True,False,313,bd76d_00000,2023-09-21_14-12-05,1695276725,18.639901161193848,12218,YLMF-2022VFCVIH,172.17.72.203,18.639901161193848,313
0.9767406448665727,0.7794732441471572,0.05141496658325195,True,False,314,bd76d_00000,2023-09-21_14-12-05,1695276725,18.6913161277771,12218,YLMF-2022VFCVIH,172.17.72.203,18.6913161277771,314
0.9768548479196011,0.7809364548494984,0.05294060707092285,True,False,315,bd76d_00000,2023-09-21_14-12-05,1695276725,18.744256734848022,12218,YLMF-2022VFCVIH,172.17.72.203,18.744256734848022,315
0.9770832540256577,0.780309364548495,0.05247974395751953,True,False,316,bd76d_00000,2023-09-21_14-12-05,1695276725,18.796736478805542,12218,YLMF-2022VFCVIH,172.17.72.203,18.796736478805542,316
0.977654269290799,0.7790551839464883,0.05252194404602051,True,False,317,bd76d_00000,2023-09-21_14-12-05,1695276725,18.849258422851562,12218,YLMF-2022VFCVIH,172.17.72.203,18.849258422851562,317
0.9782252845559405,0.7794732441471572,0.052050113677978516,True,False,318,bd76d_00000,2023-09-21_14-12-06,1695276726,18.90130853652954,12218,YLMF-2022VFCVIH,172.17.72.203,18.90130853652954,318
0.9782252845559405,0.7801003344481605,0.0527040958404541,True,False,319,bd76d_00000,2023-09-21_14-12-06,1695276726,18.954012632369995,12218,YLMF-2022VFCVIH,172.17.72.203,18.954012632369995,319
0.978453690661997,0.7813545150501672,0.05268144607543945,True,False,320,bd76d_00000,2023-09-21_14-12-06,1695276726,19.006694078445435,12218,YLMF-2022VFCVIH,172.17.72.203,19.006694078445435,320
0.9787582321367391,0.7807274247491639,0.05249357223510742,True,False,321,bd76d_00000,2023-09-21_14-12-06,1695276726,19.059187650680542,12218,YLMF-2022VFCVIH,172.17.72.203,19.059187650680542,321
0.9790627736114812,0.7807274247491639,0.05337929725646973,True,False,322,bd76d_00000,2023-09-21_14-12-06,1695276726,19.11256694793701,12218,YLMF-2022VFCVIH,172.17.72.203,19.11256694793701,322
0.9792150443488523,0.7811454849498328,0.05465984344482422,True,False,323,bd76d_00000,2023-09-21_14-12-06,1695276726,19.167226791381836,12218,YLMF-2022VFCVIH,172.17.72.203,19.167226791381836,323
0.9793673150862233,0.7813545150501672,0.05517911911010742,True,False,324,bd76d_00000,2023-09-21_14-12-06,1695276726,19.222405910491943,12218,YLMF-2022VFCVIH,172.17.72.203,19.222405910491943,324
0.9796337888766227,0.7813545150501672,0.05386090278625488,True,False,325,bd76d_00000,2023-09-21_14-12-06,1695276726,19.2762668132782,12218,YLMF-2022VFCVIH,172.17.72.203,19.2762668132782,325
0.9798621949826792,0.7807274247491639,0.053290605545043945,True,False,326,bd76d_00000,2023-09-21_14-12-06,1695276726,19.329557418823242,12218,YLMF-2022VFCVIH,172.17.72.203,19.329557418823242,326
0.9801286687730786,0.7807274247491639,0.052968740463256836,True,False,327,bd76d_00000,2023-09-21_14-12-06,1695276726,19.3825261592865,12218,YLMF-2022VFCVIH,172.17.72.203,19.3825261592865,327
0.9807758194069055,0.7811454849498328,0.053368330001831055,True,False,328,bd76d_00000,2023-09-21_14-12-06,1695276726,19.43589448928833,12218,YLMF-2022VFCVIH,172.17.72.203,19.43589448928833,328
0.9811945639346759,0.7805183946488294,0.05400252342224121,True,False,329,bd76d_00000,2023-09-21_14-12-06,1695276726,19.48989701271057,12218,YLMF-2022VFCVIH,172.17.72.203,19.48989701271057,329
0.9813087669877041,0.7788461538461539,0.052056074142456055,True,False,330,bd76d_00000,2023-09-21_14-12-06,1695276726,19.541953086853027,12218,YLMF-2022VFCVIH,172.17.72.203,19.541953086853027,330
0.9811184285659903,0.7792642140468228,0.05321502685546875,True,False,331,bd76d_00000,2023-09-21_14-12-06,1695276726,19.595168113708496,12218,YLMF-2022VFCVIH,172.17.72.203,19.595168113708496,331
0.9809661578286193,0.7794732441471572,0.052985429763793945,True,False,332,bd76d_00000,2023-09-21_14-12-06,1695276726,19.64815354347229,12218,YLMF-2022VFCVIH,172.17.72.203,19.64815354347229,332
0.9811184285659903,0.780309364548495,0.05285286903381348,True,False,333,bd76d_00000,2023-09-21_14-12-06,1695276726,19.701006412506104,12218,YLMF-2022VFCVIH,172.17.72.203,19.701006412506104,333
0.9807758194069055,0.7830267558528428,0.05310487747192383,True,False,334,bd76d_00000,2023-09-21_14-12-06,1695276726,19.754111289978027,12218,YLMF-2022VFCVIH,172.17.72.203,19.754111289978027,334
0.9806616163538772,0.7834448160535117,0.05168914794921875,True,False,335,bd76d_00000,2023-09-21_14-12-06,1695276726,19.805800437927246,12218,YLMF-2022VFCVIH,172.17.72.203,19.805800437927246,335
0.980851954775591,0.7840719063545151,0.0535585880279541,True,False,336,bd76d_00000,2023-09-21_14-12-06,1695276726,19.8593590259552,12218,YLMF-2022VFCVIH,172.17.72.203,19.8593590259552,336
0.9811184285659903,0.7855351170568562,0.0537106990814209,True,False,337,bd76d_00000,2023-09-21_14-12-07,1695276727,19.91306972503662,12218,YLMF-2022VFCVIH,172.17.72.203,19.91306972503662,337
0.9811184285659903,0.7830267558528428,0.052907466888427734,True,False,338,bd76d_00000,2023-09-21_14-12-07,1695276727,19.96597719192505,12218,YLMF-2022VFCVIH,172.17.72.203,19.96597719192505,338
0.9811184285659903,0.7851170568561873,0.05429816246032715,True,False,339,bd76d_00000,2023-09-21_14-12-07,1695276727,20.020275354385376,12218,YLMF-2022VFCVIH,172.17.72.203,20.020275354385376,339
0.9808900224599337,0.7851170568561873,0.05429267883300781,True,False,340,bd76d_00000,2023-09-21_14-12-07,1695276727,20.074568033218384,12218,YLMF-2022VFCVIH,172.17.72.203,20.074568033218384,340
0.9806996840382199,0.7840719063545151,0.05446028709411621,True,False,341,bd76d_00000,2023-09-21_14-12-07,1695276727,20.1290283203125,12218,YLMF-2022VFCVIH,172.17.72.203,20.1290283203125,341
0.9807758194069055,0.7832357859531772,0.05502176284790039,True,False,342,bd76d_00000,2023-09-21_14-12-07,1695276727,20.1840500831604,12218,YLMF-2022VFCVIH,172.17.72.203,20.1840500831604,342
0.9805093456165062,0.7823996655518395,0.05350446701049805,True,False,343,bd76d_00000,2023-09-21_14-12-07,1695276727,20.2375545501709,12218,YLMF-2022VFCVIH,172.17.72.203,20.2375545501709,343
0.9806996840382199,0.7838628762541806,0.054613590240478516,True,False,344,bd76d_00000,2023-09-21_14-12-07,1695276727,20.292168140411377,12218,YLMF-2022VFCVIH,172.17.72.203,20.292168140411377,344
0.9807377517225627,0.7859531772575251,0.05372810363769531,True,False,345,bd76d_00000,2023-09-21_14-12-07,1695276727,20.345896244049072,12218,YLMF-2022VFCVIH,172.17.72.203,20.345896244049072,345
0.9807758194069055,0.7869983277591973,0.053986549377441406,True,False,346,bd76d_00000,2023-09-21_14-12-07,1695276727,20.399882793426514,12218,YLMF-2022VFCVIH,172.17.72.203,20.399882793426514,346
0.9806235486695344,0.7867892976588629,0.05336499214172363,True,False,347,bd76d_00000,2023-09-21_14-12-07,1695276727,20.453247785568237,12218,YLMF-2022VFCVIH,172.17.72.203,20.453247785568237,347
0.9805093456165062,0.7865802675585284,0.055100440979003906,True,False,348,bd76d_00000,2023-09-21_14-12-07,1695276727,20.50834822654724,12218,YLMF-2022VFCVIH,172.17.72.203,20.50834822654724,348
0.9804332102478206,0.7857441471571907,0.05395174026489258,True,False,349,bd76d_00000,2023-09-21_14-12-07,1695276727,20.562299966812134,12218,YLMF-2022VFCVIH,172.17.72.203,20.562299966812134,349
0.9806235486695344,0.7853260869565217,0.05437159538269043,True,False,350,bd76d_00000,2023-09-21_14-12-07,1695276727,20.616671562194824,12218,YLMF-2022VFCVIH,172.17.72.203,20.616671562194824,350
0.9807758194069055,0.7846989966555183,0.0619816780090332,True,False,351,bd76d_00000,2023-09-21_14-12-07,1695276727,20.678653240203857,12218,YLMF-2022VFCVIH,172.17.72.203,20.678653240203857,351
0.9809661578286193,0.784489966555184,0.05447077751159668,True,False,352,bd76d_00000,2023-09-21_14-12-07,1695276727,20.733124017715454,12218,YLMF-2022VFCVIH,172.17.72.203,20.733124017715454,352
0.9813468346720469,0.7846989966555183,0.053931474685668945,True,False,353,bd76d_00000,2023-09-21_14-12-07,1695276727,20.787055492401123,12218,YLMF-2022VFCVIH,172.17.72.203,20.787055492401123,353
0.9817275115154745,0.7849080267558528,0.05323147773742676,True,False,354,bd76d_00000,2023-09-21_14-12-07,1695276727,20.84028697013855,12218,YLMF-2022VFCVIH,172.17.72.203,20.84028697013855,354
0.9819559176215311,0.7851170568561873,0.051175832748413086,True,False,355,bd76d_00000,2023-09-21_14-12-07,1695276727,20.891462802886963,12218,YLMF-2022VFCVIH,172.17.72.203,20.891462802886963,355
0.9823365944649587,0.7838628762541806,0.05491471290588379,True,False,356,bd76d_00000,2023-09-21_14-12-08,1695276728,20.946377515792847,12218,YLMF-2022VFCVIH,172.17.72.203,20.946377515792847,356
0.9822985267806159,0.7836538461538461,0.0550997257232666,True,False,357,bd76d_00000,2023-09-21_14-12-08,1695276728,21.001477241516113,12218,YLMF-2022VFCVIH,172.17.72.203,21.001477241516113,357
0.9820320529902166,0.7838628762541806,0.05455422401428223,True,False,358,bd76d_00000,2023-09-21_14-12-08,1695276728,21.056031465530396,12218,YLMF-2022VFCVIH,172.17.72.203,21.056031465530396,358
0.9822223914119305,0.7836538461538461,0.05325198173522949,True,False,359,bd76d_00000,2023-09-21_14-12-08,1695276728,21.109283447265625,12218,YLMF-2022VFCVIH,172.17.72.203,21.109283447265625,359
0.982450797517987,0.7838628762541806,0.05438518524169922,True,False,360,bd76d_00000,2023-09-21_14-12-08,1695276728,21.163668632507324,12218,YLMF-2022VFCVIH,172.17.72.203,21.163668632507324,360
0.982450797517987,0.7836538461538461,0.06559443473815918,True,False,361,bd76d_00000,2023-09-21_14-12-08,1695276728,21.229263067245483,12218,YLMF-2022VFCVIH,172.17.72.203,21.229263067245483,361
0.9827172713083863,0.7832357859531772,0.07169866561889648,True,False,362,bd76d_00000,2023-09-21_14-12-08,1695276728,21.30096173286438,12218,YLMF-2022VFCVIH,172.17.72.203,21.30096173286438,362
0.9826411359397008,0.7815635451505016,0.05469703674316406,True,False,363,bd76d_00000,2023-09-21_14-12-08,1695276728,21.355658769607544,12218,YLMF-2022VFCVIH,172.17.72.203,21.355658769607544,363
0.9827934066770718,0.782190635451505,0.05448722839355469,True,False,364,bd76d_00000,2023-09-21_14-12-08,1695276728,21.4101459980011,12218,YLMF-2022VFCVIH,172.17.72.203,21.4101459980011,364
0.9829456774144428,0.7830267558528428,0.053752899169921875,True,False,365,bd76d_00000,2023-09-21_14-12-08,1695276728,21.46389889717102,12218,YLMF-2022VFCVIH,172.17.72.203,21.46389889717102,365
0.9831360158361567,0.7830267558528428,0.0528569221496582,True,False,366,bd76d_00000,2023-09-21_14-12-08,1695276728,21.51675581932068,12218,YLMF-2022VFCVIH,172.17.72.203,21.51675581932068,366
0.9831360158361567,0.782608695652174,0.05398130416870117,True,False,367,bd76d_00000,2023-09-21_14-12-08,1695276728,21.57073712348938,12218,YLMF-2022VFCVIH,172.17.72.203,21.57073712348938,367
0.9832121512048422,0.7819816053511706,0.053114891052246094,True,False,368,bd76d_00000,2023-09-21_14-12-08,1695276728,21.623852014541626,12218,YLMF-2022VFCVIH,172.17.72.203,21.623852014541626,368
0.9830218127831284,0.7815635451505016,0.05487537384033203,True,False,369,bd76d_00000,2023-09-21_14-12-08,1695276728,21.678727388381958,12218,YLMF-2022VFCVIH,172.17.72.203,21.678727388381958,369
0.9830598804674712,0.7819816053511706,0.05405759811401367,True,False,370,bd76d_00000,2023-09-21_14-12-08,1695276728,21.73278498649597,12218,YLMF-2022VFCVIH,172.17.72.203,21.73278498649597,370
0.9829076097301002,0.7815635451505016,0.055615901947021484,True,False,371,bd76d_00000,2023-09-21_14-12-08,1695276728,21.788400888442993,12218,YLMF-2022VFCVIH,172.17.72.203,21.788400888442993,371
0.9827934066770718,0.7809364548494984,0.05386662483215332,True,False,372,bd76d_00000,2023-09-21_14-12-08,1695276728,21.842267513275146,12218,YLMF-2022VFCVIH,172.17.72.203,21.842267513275146,372
0.9828314743614146,0.779891304347826,0.05593419075012207,True,False,373,bd76d_00000,2023-09-21_14-12-09,1695276729,21.89820170402527,12218,YLMF-2022VFCVIH,172.17.72.203,21.89820170402527,373
0.9831740835204994,0.780309364548495,0.05408620834350586,True,False,374,bd76d_00000,2023-09-21_14-12-09,1695276729,21.952287912368774,12218,YLMF-2022VFCVIH,172.17.72.203,21.952287912368774,374
0.9831740835204994,0.7805183946488294,0.05593395233154297,True,False,375,bd76d_00000,2023-09-21_14-12-09,1695276729,22.008221864700317,12218,YLMF-2022VFCVIH,172.17.72.203,22.008221864700317,375
0.9832882865735277,0.7796822742474916,0.0567164421081543,True,False,376,bd76d_00000,2023-09-21_14-12-09,1695276729,22.06493830680847,12218,YLMF-2022VFCVIH,172.17.72.203,22.06493830680847,376
0.9831360158361567,0.7792642140468228,0.05389595031738281,True,False,377,bd76d_00000,2023-09-21_14-12-09,1695276729,22.118834257125854,12218,YLMF-2022VFCVIH,172.17.72.203,22.118834257125854,377
0.9833644219422133,0.7786371237458194,0.054883718490600586,True,False,378,bd76d_00000,2023-09-21_14-12-09,1695276729,22.173717975616455,12218,YLMF-2022VFCVIH,172.17.72.203,22.173717975616455,378
0.9832121512048422,0.779891304347826,0.05424070358276367,True,False,379,bd76d_00000,2023-09-21_14-12-09,1695276729,22.22795867919922,12218,YLMF-2022VFCVIH,172.17.72.203,22.22795867919922,379
0.9829837450987856,0.7796822742474916,0.05567812919616699,True,False,380,bd76d_00000,2023-09-21_14-12-09,1695276729,22.283636808395386,12218,YLMF-2022VFCVIH,172.17.72.203,22.283636808395386,380
0.9828314743614146,0.7801003344481605,0.055715322494506836,True,False,381,bd76d_00000,2023-09-21_14-12-09,1695276729,22.339352130889893,12218,YLMF-2022VFCVIH,172.17.72.203,22.339352130889893,381
0.983250218889185,0.7792642140468228,0.05483436584472656,True,False,382,bd76d_00000,2023-09-21_14-12-09,1695276729,22.39418649673462,12218,YLMF-2022VFCVIH,172.17.72.203,22.39418649673462,382
0.9835547603639271,0.7786371237458194,0.05518531799316406,True,False,383,bd76d_00000,2023-09-21_14-12-09,1695276729,22.449371814727783,12218,YLMF-2022VFCVIH,172.17.72.203,22.449371814727783,383
0.9835166926795843,0.7778010033444817,0.05610847473144531,True,False,384,bd76d_00000,2023-09-21_14-12-09,1695276729,22.50548028945923,12218,YLMF-2022VFCVIH,172.17.72.203,22.50548028945923,384
0.9838593018386692,0.7775919732441472,0.05522799491882324,True,False,385,bd76d_00000,2023-09-21_14-12-09,1695276729,22.56070828437805,12218,YLMF-2022VFCVIH,172.17.72.203,22.56070828437805,385
0.9840115725760402,0.7792642140468228,0.054791927337646484,True,False,386,bd76d_00000,2023-09-21_14-12-09,1695276729,22.6155002117157,12218,YLMF-2022VFCVIH,172.17.72.203,22.6155002117157,386
0.9838973695230119,0.7796822742474916,0.05553174018859863,True,False,387,bd76d_00000,2023-09-21_14-12-09,1695276729,22.671031951904297,12218,YLMF-2022VFCVIH,172.17.72.203,22.671031951904297,387
0.984049640260383,0.7790551839464883,0.055463552474975586,True,False,388,bd76d_00000,2023-09-21_14-12-09,1695276729,22.726495504379272,12218,YLMF-2022VFCVIH,172.17.72.203,22.726495504379272,388
0.9840877079447258,0.7786371237458194,0.05774116516113281,True,False,389,bd76d_00000,2023-09-21_14-12-09,1695276729,22.784236669540405,12218,YLMF-2022VFCVIH,172.17.72.203,22.784236669540405,389
0.9841257756290684,0.7786371237458194,0.0543062686920166,True,False,390,bd76d_00000,2023-09-21_14-12-09,1695276729,22.838542938232422,12218,YLMF-2022VFCVIH,172.17.72.203,22.838542938232422,390
0.9840877079447258,0.7796822742474916,0.055396318435668945,True,False,391,bd76d_00000,2023-09-21_14-12-09,1695276729,22.89393925666809,12218,YLMF-2022VFCVIH,172.17.72.203,22.89393925666809,391
0.984049640260383,0.780309364548495,0.05505847930908203,True,False,392,bd76d_00000,2023-09-21_14-12-10,1695276730,22.948997735977173,12218,YLMF-2022VFCVIH,172.17.72.203,22.948997735977173,392
0.984201910997754,0.7805183946488294,0.05515122413635254,True,False,393,bd76d_00000,2023-09-21_14-12-10,1695276730,23.004148960113525,12218,YLMF-2022VFCVIH,172.17.72.203,23.004148960113525,393
0.984049640260383,0.7801003344481605,0.05756664276123047,True,False,394,bd76d_00000,2023-09-21_14-12-10,1695276730,23.061715602874756,12218,YLMF-2022VFCVIH,172.17.72.203,23.061715602874756,394
0.9840115725760402,0.7801003344481605,0.05574393272399902,True,False,395,bd76d_00000,2023-09-21_14-12-10,1695276730,23.117459535598755,12218,YLMF-2022VFCVIH,172.17.72.203,23.117459535598755,395
0.984201910997754,0.7805183946488294,0.06009793281555176,True,False,396,bd76d_00000,2023-09-21_14-12-10,1695276730,23.177557468414307,12218,YLMF-2022VFCVIH,172.17.72.203,23.177557468414307,396
0.9841257756290684,0.7794732441471572,0.05883622169494629,True,False,397,bd76d_00000,2023-09-21_14-12-10,1695276730,23.236393690109253,12218,YLMF-2022VFCVIH,172.17.72.203,23.236393690109253,397
0.9840877079447258,0.7794732441471572,0.05524897575378418,True,False,398,bd76d_00000,2023-09-21_14-12-10,1695276730,23.291642665863037,12218,YLMF-2022VFCVIH,172.17.72.203,23.291642665863037,398
0.984201910997754,0.780309364548495,0.057248592376708984,True,False,399,bd76d_00000,2023-09-21_14-12-10,1695276730,23.348891258239746,12218,YLMF-2022VFCVIH,172.17.72.203,23.348891258239746,399
0.984201910997754,0.7801003344481605,0.0557551383972168,True,False,400,bd76d_00000,2023-09-21_14-12-10,1695276730,23.404646396636963,12218,YLMF-2022VFCVIH,172.17.72.203,23.404646396636963,400
0.9841638433134112,0.7805183946488294,0.05625581741333008,True,False,401,bd76d_00000,2023-09-21_14-12-10,1695276730,23.460902214050293,12218,YLMF-2022VFCVIH,172.17.72.203,23.460902214050293,401
0.984049640260383,0.7809364548494984,0.0559689998626709,True,False,402,bd76d_00000,2023-09-21_14-12-10,1695276730,23.516871213912964,12218,YLMF-2022VFCVIH,172.17.72.203,23.516871213912964,402
0.9838973695230119,0.7805183946488294,0.05552816390991211,True,False,403,bd76d_00000,2023-09-21_14-12-10,1695276730,23.572399377822876,12218,YLMF-2022VFCVIH,172.17.72.203,23.572399377822876,403
0.9838973695230119,0.780309364548495,0.05620574951171875,True,False,404,bd76d_00000,2023-09-21_14-12-10,1695276730,23.628605127334595,12218,YLMF-2022VFCVIH,172.17.72.203,23.628605127334595,404
0.9839735048916974,0.7813545150501672,0.055588483810424805,True,False,405,bd76d_00000,2023-09-21_14-12-10,1695276730,23.68419361114502,12218,YLMF-2022VFCVIH,172.17.72.203,23.68419361114502,405
0.9838593018386692,0.7807274247491639,0.05600595474243164,True,False,406,bd76d_00000,2023-09-21_14-12-10,1695276730,23.74019956588745,12218,YLMF-2022VFCVIH,172.17.72.203,23.74019956588745,406
0.9840115725760402,0.7807274247491639,0.056247711181640625,True,False,407,bd76d_00000,2023-09-21_14-12-10,1695276730,23.796447277069092,12218,YLMF-2022VFCVIH,172.17.72.203,23.796447277069092,407
0.9841638433134112,0.7811454849498328,0.05602860450744629,True,False,408,bd76d_00000,2023-09-21_14-12-10,1695276730,23.852475881576538,12218,YLMF-2022VFCVIH,172.17.72.203,23.852475881576538,408
0.9841257756290684,0.7817725752508361,0.05466485023498535,True,False,409,bd76d_00000,2023-09-21_14-12-11,1695276731,23.907140731811523,12218,YLMF-2022VFCVIH,172.17.72.203,23.907140731811523,409
0.9840115725760402,0.7815635451505016,0.057350873947143555,True,False,410,bd76d_00000,2023-09-21_14-12-11,1695276731,23.964491605758667,12218,YLMF-2022VFCVIH,172.17.72.203,23.964491605758667,410
0.9838973695230119,0.7815635451505016,0.05557131767272949,True,False,411,bd76d_00000,2023-09-21_14-12-11,1695276731,24.020062923431396,12218,YLMF-2022VFCVIH,172.17.72.203,24.020062923431396,411
0.984049640260383,0.782608695652174,0.056209564208984375,True,False,412,bd76d_00000,2023-09-21_14-12-11,1695276731,24.07627248764038,12218,YLMF-2022VFCVIH,172.17.72.203,24.07627248764038,412
0.9839354372073547,0.7817725752508361,0.056693077087402344,True,False,413,bd76d_00000,2023-09-21_14-12-11,1695276731,24.132965564727783,12218,YLMF-2022VFCVIH,172.17.72.203,24.132965564727783,413
0.9840877079447258,0.7809364548494984,0.05723905563354492,True,False,414,bd76d_00000,2023-09-21_14-12-11,1695276731,24.190204620361328,12218,YLMF-2022VFCVIH,172.17.72.203,24.190204620361328,414
0.9839735048916974,0.7832357859531772,0.06282305717468262,True,False,415,bd76d_00000,2023-09-21_14-12-11,1695276731,24.25302767753601,12218,YLMF-2022VFCVIH,172.17.72.203,24.25302767753601,415
0.9839354372073547,0.7842809364548495,0.06709551811218262,True,False,416,bd76d_00000,2023-09-21_14-12-11,1695276731,24.320123195648193,12218,YLMF-2022VFCVIH,172.17.72.203,24.320123195648193,416
0.9839735048916974,0.7851170568561873,0.05457258224487305,True,False,417,bd76d_00000,2023-09-21_14-12-11,1695276731,24.374695777893066,12218,YLMF-2022VFCVIH,172.17.72.203,24.374695777893066,417
0.9842780463664396,0.7849080267558528,0.055722713470458984,True,False,418,bd76d_00000,2023-09-21_14-12-11,1695276731,24.430418491363525,12218,YLMF-2022VFCVIH,172.17.72.203,24.430418491363525,418
0.9845064524724961,0.7849080267558528,0.056523799896240234,True,False,419,bd76d_00000,2023-09-21_14-12-11,1695276731,24.486942291259766,12218,YLMF-2022VFCVIH,172.17.72.203,24.486942291259766,419
0.9845445201568389,0.7857441471571907,0.057706356048583984,True,False,420,bd76d_00000,2023-09-21_14-12-11,1695276731,24.54464864730835,12218,YLMF-2022VFCVIH,172.17.72.203,24.54464864730835,420
0.9937641723356009,0.7686428423879363,0.05581355094909668,True,False,421,bd76d_00000,2023-09-21_14-12-11,1695276731,24.600462198257446,12218,YLMF-2022VFCVIH,172.17.72.203,24.600462198257446,421
